Price_USD_per_MWh,Quantity_MW,Hour,Day,Point,maxSOC_MWh,Hybrid_Name
999.9,1e-10,0,0,1,240.0,HYB_DA_RT_C2
1000,0.1000000001,0,0,2,240.0,HYB_DA_RT_C2
999.9,1e-10,1,0,1,240.0,HYB_DA_RT_C2
1000,0.1000000001,1,0,2,240.0,HYB_DA_RT_C2
999.9,1e-10,2,0,1,240.0,HYB_DA_RT_C2
1000,0.1000000001,2,0,2,240.0,HYB_DA_RT_C2
999.9,1e-10,3,0,1,240.0,HYB_DA_RT_C2
1000,0.1000000001,3,0,2,240.0,HYB_DA_RT_C2
999.9,1e-10,4,0,1,240.0,HYB_DA_RT_C2
1000,0.1000000001,4,0,2,240.0,HYB_DA_RT_C2
999.9,1e-10,5,0,1,240.0,HYB_DA_RT_C2
1000,0.1000000001,5,0,2,240.0,HYB_DA_RT_C2
999.9,1e-10,6,0,1,240.0,HYB_DA_RT_C2
1000,0.1000000001,6,0,2,240.0,HYB_DA_RT_C2
999.9,1e-10,7,0,1,240.0,HYB_DA_RT_C2
1000,0.1000000001,7,0,2,240.0,HYB_DA_RT_C2
999.9,1e-10,8,0,1,240.0,HYB_DA_RT_C2
1000,0.1000000001,8,0,2,240.0,HYB_DA_RT_C2
999.9,1e-10,9,0,1,240.0,HYB_DA_RT_C2
1000,0.1000000001,9,0,2,240.0,HYB_DA_RT_C2
999.9,1e-10,10,0,1,240.0,HYB_DA_RT_C2
1000,0.1000000001,10,0,2,240.0,HYB_DA_RT_C2
999.9,1e-10,11,0,1,240.0,HYB_DA_RT_C2
1000,0.1000000001,11,0,2,240.0,HYB_DA_RT_C2
999.9,1e-10,12,0,1,240.0,HYB_DA_RT_C2
1000,0.1000000001,12,0,2,240.0,HYB_DA_RT_C2
999.9,1e-10,13,0,1,240.0,HYB_DA_RT_C2
1000,0.1000000001,13,0,2,240.0,HYB_DA_RT_C2
999.9,1e-10,14,0,1,240.0,HYB_DA_RT_C2
1000,0.1000000001,14,0,2,240.0,HYB_DA_RT_C2
999.9,1e-10,15,0,1,240.0,HYB_DA_RT_C2
1000,0.1000000001,15,0,2,240.0,HYB_DA_RT_C2
0.3712302653217674,-60.0,16.0,0,-1,240.0,HYB_DA_RT_C2
999.9,1e-10,16,0,1,240.0,HYB_DA_RT_C2
1000.0,1e-10,16.0,0,2,240.0,HYB_DA_RT_C2
0.4567148459640944,-47.463685,17.0,0,-1,240.0,HYB_DA_RT_C2
999.9,1e-10,17,0,1,240.0,HYB_DA_RT_C2
1000.0,1e-10,17.0,0,2,240.0,HYB_DA_RT_C2
999.9,1e-10,18,0,1,240.0,HYB_DA_RT_C2
1000,0.1000000001,18,0,2,240.0,HYB_DA_RT_C2
999.9,1e-10,19,0,1,240.0,HYB_DA_RT_C2
1000,0.1000000001,19,0,2,240.0,HYB_DA_RT_C2
0.9864739891268772,-47.549356708333335,20.0,0,-1,240.0,HYB_DA_RT_C2
999.9,1e-10,20,0,1,240.0,HYB_DA_RT_C2
1000.0,1e-10,20.0,0,2,240.0,HYB_DA_RT_C2
999.9,1e-10,21,0,1,240.0,HYB_DA_RT_C2
1000,0.1000000001,21,0,2,240.0,HYB_DA_RT_C2
999.9,1e-10,22,0,1,240.0,HYB_DA_RT_C2
1000,0.1000000001,22,0,2,240.0,HYB_DA_RT_C2
999.9,1e-10,23,0,1,240.0,HYB_DA_RT_C2
1000,0.1000000001,23,0,2,240.0,HYB_DA_RT_C2
999.9,1e-10,0,1,1,240.0,HYB_DA_RT_C2
1000,0.1000000001,0,1,2,240.0,HYB_DA_RT_C2
999.9,1e-10,1,1,1,240.0,HYB_DA_RT_C2
1000,0.1000000001,1,1,2,240.0,HYB_DA_RT_C2
999.9,1e-10,2,1,1,240.0,HYB_DA_RT_C2
1000,0.1000000001,2,1,2,240.0,HYB_DA_RT_C2
999.9,1e-10,3,1,1,240.0,HYB_DA_RT_C2
1000,0.1000000001,3,1,2,240.0,HYB_DA_RT_C2
999.9,1e-10,4,1,1,240.0,HYB_DA_RT_C2
1000,0.1000000001,4,1,2,240.0,HYB_DA_RT_C2
999.9,1e-10,5,1,1,240.0,HYB_DA_RT_C2
1000,0.1000000001,5,1,2,240.0,HYB_DA_RT_C2
999.9,1e-10,6,1,1,240.0,HYB_DA_RT_C2
1000,0.1000000001,6,1,2,240.0,HYB_DA_RT_C2
999.9,1e-10,7,1,1,240.0,HYB_DA_RT_C2
1000,0.1000000001,7,1,2,240.0,HYB_DA_RT_C2
999.9,1e-10,8,1,1,240.0,HYB_DA_RT_C2
1000,0.1000000001,8,1,2,240.0,HYB_DA_RT_C2
999.9,1e-10,9,1,1,240.0,HYB_DA_RT_C2
1000,0.1000000001,9,1,2,240.0,HYB_DA_RT_C2
999.9,1e-10,10,1,1,240.0,HYB_DA_RT_C2
1000,0.1000000001,10,1,2,240.0,HYB_DA_RT_C2
999.9,1e-10,11,1,1,240.0,HYB_DA_RT_C2
1000,0.1000000001,11,1,2,240.0,HYB_DA_RT_C2
999.9,1e-10,12,1,1,240.0,HYB_DA_RT_C2
1000,0.1000000001,12,1,2,240.0,HYB_DA_RT_C2
999.9,1e-10,13,1,1,240.0,HYB_DA_RT_C2
1000,0.1000000001,13,1,2,240.0,HYB_DA_RT_C2
999.9,1e-10,14,1,1,240.0,HYB_DA_RT_C2
1000,0.1000000001,14,1,2,240.0,HYB_DA_RT_C2
999.9,1e-10,15,1,1,240.0,HYB_DA_RT_C2
1000,0.1000000001,15,1,2,240.0,HYB_DA_RT_C2
0.3712302653217674,-60.0,16.0,1,-1,240.0,HYB_DA_RT_C2
999.9,1e-10,16,1,1,240.0,HYB_DA_RT_C2
1000.0,1e-10,16.0,1,2,240.0,HYB_DA_RT_C2
0.4567148459640944,-47.463685,17.0,1,-1,240.0,HYB_DA_RT_C2
999.9,1e-10,17,1,1,240.0,HYB_DA_RT_C2
1000.0,1e-10,17.0,1,2,240.0,HYB_DA_RT_C2
999.9,1e-10,18,1,1,240.0,HYB_DA_RT_C2
1000,0.1000000001,18,1,2,240.0,HYB_DA_RT_C2
999.9,1e-10,19,1,1,240.0,HYB_DA_RT_C2
1000,0.1000000001,19,1,2,240.0,HYB_DA_RT_C2
0.9864739891268772,-47.549356708333335,20.0,1,-1,240.0,HYB_DA_RT_C2
999.9,1e-10,20,1,1,240.0,HYB_DA_RT_C2
1000.0,1e-10,20.0,1,2,240.0,HYB_DA_RT_C2
999.9,1e-10,21,1,1,240.0,HYB_DA_RT_C2
1000,0.1000000001,21,1,2,240.0,HYB_DA_RT_C2
999.9,1e-10,22,1,1,240.0,HYB_DA_RT_C2
1000,0.1000000001,22,1,2,240.0,HYB_DA_RT_C2
999.9,1e-10,23,1,1,240.0,HYB_DA_RT_C2
1000,0.1000000001,23,1,2,240.0,HYB_DA_RT_C2
999.9,1e-10,0,2,1,240.0,HYB_DA_RT_C2
1000,0.1000000001,0,2,2,240.0,HYB_DA_RT_C2
999.9,1e-10,1,2,1,240.0,HYB_DA_RT_C2
1000,0.1000000001,1,2,2,240.0,HYB_DA_RT_C2
999.9,1e-10,2,2,1,240.0,HYB_DA_RT_C2
1000,0.1000000001,2,2,2,240.0,HYB_DA_RT_C2
999.9,1e-10,3,2,1,240.0,HYB_DA_RT_C2
1000,0.1000000001,3,2,2,240.0,HYB_DA_RT_C2
999.9,1e-10,4,2,1,240.0,HYB_DA_RT_C2
1000,0.1000000001,4,2,2,240.0,HYB_DA_RT_C2
999.9,1e-10,5,2,1,240.0,HYB_DA_RT_C2
1000,0.1000000001,5,2,2,240.0,HYB_DA_RT_C2
999.9,1e-10,6,2,1,240.0,HYB_DA_RT_C2
1000,0.1000000001,6,2,2,240.0,HYB_DA_RT_C2
999.9,1e-10,7,2,1,240.0,HYB_DA_RT_C2
1000,0.1000000001,7,2,2,240.0,HYB_DA_RT_C2
999.9,1e-10,8,2,1,240.0,HYB_DA_RT_C2
1000,0.1000000001,8,2,2,240.0,HYB_DA_RT_C2
999.9,1e-10,9,2,1,240.0,HYB_DA_RT_C2
1000,0.1000000001,9,2,2,240.0,HYB_DA_RT_C2
999.9,1e-10,10,2,1,240.0,HYB_DA_RT_C2
1000,0.1000000001,10,2,2,240.0,HYB_DA_RT_C2
999.9,1e-10,11,2,1,240.0,HYB_DA_RT_C2
1000,0.1000000001,11,2,2,240.0,HYB_DA_RT_C2
999.9,1e-10,12,2,1,240.0,HYB_DA_RT_C2
1000,0.1000000001,12,2,2,240.0,HYB_DA_RT_C2
999.9,1e-10,13,2,1,240.0,HYB_DA_RT_C2
1000,0.1000000001,13,2,2,240.0,HYB_DA_RT_C2
999.9,1e-10,14,2,1,240.0,HYB_DA_RT_C2
1000,0.1000000001,14,2,2,240.0,HYB_DA_RT_C2
999.9,1e-10,15,2,1,240.0,HYB_DA_RT_C2
1000,0.1000000001,15,2,2,240.0,HYB_DA_RT_C2
0.3712302653217674,-60.0,16.0,2,-1,240.0,HYB_DA_RT_C2
999.9,1e-10,16,2,1,240.0,HYB_DA_RT_C2
1000.0,1e-10,16.0,2,2,240.0,HYB_DA_RT_C2
0.4567148459640944,-47.463685,17.0,2,-1,240.0,HYB_DA_RT_C2
999.9,1e-10,17,2,1,240.0,HYB_DA_RT_C2
1000.0,1e-10,17.0,2,2,240.0,HYB_DA_RT_C2
999.9,1e-10,18,2,1,240.0,HYB_DA_RT_C2
1000,0.1000000001,18,2,2,240.0,HYB_DA_RT_C2
999.9,1e-10,19,2,1,240.0,HYB_DA_RT_C2
1000,0.1000000001,19,2,2,240.0,HYB_DA_RT_C2
0.9864739891268772,-47.549356708333335,20.0,2,-1,240.0,HYB_DA_RT_C2
999.9,1e-10,20,2,1,240.0,HYB_DA_RT_C2
1000.0,1e-10,20.0,2,2,240.0,HYB_DA_RT_C2
999.9,1e-10,21,2,1,240.0,HYB_DA_RT_C2
1000,0.1000000001,21,2,2,240.0,HYB_DA_RT_C2
999.9,1e-10,22,2,1,240.0,HYB_DA_RT_C2
1000,0.1000000001,22,2,2,240.0,HYB_DA_RT_C2
999.9,1e-10,23,2,1,240.0,HYB_DA_RT_C2
1000,0.1000000001,23,2,2,240.0,HYB_DA_RT_C2
999.9,1e-10,0,3,1,240.0,HYB_DA_RT_C2
1000,0.1000000001,0,3,2,240.0,HYB_DA_RT_C2
999.9,1e-10,1,3,1,240.0,HYB_DA_RT_C2
1000,0.1000000001,1,3,2,240.0,HYB_DA_RT_C2
999.9,1e-10,2,3,1,240.0,HYB_DA_RT_C2
1000,0.1000000001,2,3,2,240.0,HYB_DA_RT_C2
999.9,1e-10,3,3,1,240.0,HYB_DA_RT_C2
1000,0.1000000001,3,3,2,240.0,HYB_DA_RT_C2
999.9,1e-10,4,3,1,240.0,HYB_DA_RT_C2
1000,0.1000000001,4,3,2,240.0,HYB_DA_RT_C2
999.9,1e-10,5,3,1,240.0,HYB_DA_RT_C2
1000,0.1000000001,5,3,2,240.0,HYB_DA_RT_C2
999.9,1e-10,6,3,1,240.0,HYB_DA_RT_C2
1000,0.1000000001,6,3,2,240.0,HYB_DA_RT_C2
999.9,1e-10,7,3,1,240.0,HYB_DA_RT_C2
1000,0.1000000001,7,3,2,240.0,HYB_DA_RT_C2
999.9,1e-10,8,3,1,240.0,HYB_DA_RT_C2
1000,0.1000000001,8,3,2,240.0,HYB_DA_RT_C2
999.9,1e-10,9,3,1,240.0,HYB_DA_RT_C2
1000,0.1000000001,9,3,2,240.0,HYB_DA_RT_C2
999.9,1e-10,10,3,1,240.0,HYB_DA_RT_C2
1000,0.1000000001,10,3,2,240.0,HYB_DA_RT_C2
999.9,1e-10,11,3,1,240.0,HYB_DA_RT_C2
1000,0.1000000001,11,3,2,240.0,HYB_DA_RT_C2
999.9,1e-10,12,3,1,240.0,HYB_DA_RT_C2
1000,0.1000000001,12,3,2,240.0,HYB_DA_RT_C2
999.9,1e-10,13,3,1,240.0,HYB_DA_RT_C2
1000,0.1000000001,13,3,2,240.0,HYB_DA_RT_C2
999.9,1e-10,14,3,1,240.0,HYB_DA_RT_C2
1000,0.1000000001,14,3,2,240.0,HYB_DA_RT_C2
999.9,1e-10,15,3,1,240.0,HYB_DA_RT_C2
1000,0.1000000001,15,3,2,240.0,HYB_DA_RT_C2
0.3712302653217674,-60.0,16.0,3,-1,240.0,HYB_DA_RT_C2
999.9,1e-10,16,3,1,240.0,HYB_DA_RT_C2
1000.0,1e-10,16.0,3,2,240.0,HYB_DA_RT_C2
0.4567148459640944,-47.463685,17.0,3,-1,240.0,HYB_DA_RT_C2
999.9,1e-10,17,3,1,240.0,HYB_DA_RT_C2
1000.0,1e-10,17.0,3,2,240.0,HYB_DA_RT_C2
999.9,1e-10,18,3,1,240.0,HYB_DA_RT_C2
1000,0.1000000001,18,3,2,240.0,HYB_DA_RT_C2
999.9,1e-10,19,3,1,240.0,HYB_DA_RT_C2
1000,0.1000000001,19,3,2,240.0,HYB_DA_RT_C2
0.9864739891268772,-47.549356708333335,20.0,3,-1,240.0,HYB_DA_RT_C2
999.9,1e-10,20,3,1,240.0,HYB_DA_RT_C2
1000.0,1e-10,20.0,3,2,240.0,HYB_DA_RT_C2
999.9,1e-10,21,3,1,240.0,HYB_DA_RT_C2
1000,0.1000000001,21,3,2,240.0,HYB_DA_RT_C2
999.9,1e-10,22,3,1,240.0,HYB_DA_RT_C2
1000,0.1000000001,22,3,2,240.0,HYB_DA_RT_C2
999.9,1e-10,23,3,1,240.0,HYB_DA_RT_C2
1000,0.1000000001,23,3,2,240.0,HYB_DA_RT_C2
999.9,1e-10,0,4,1,240.0,HYB_DA_RT_C2
1000,0.1000000001,0,4,2,240.0,HYB_DA_RT_C2
999.9,1e-10,1,4,1,240.0,HYB_DA_RT_C2
1000,0.1000000001,1,4,2,240.0,HYB_DA_RT_C2
999.9,1e-10,2,4,1,240.0,HYB_DA_RT_C2
1000,0.1000000001,2,4,2,240.0,HYB_DA_RT_C2
999.9,1e-10,3,4,1,240.0,HYB_DA_RT_C2
1000,0.1000000001,3,4,2,240.0,HYB_DA_RT_C2
999.9,1e-10,4,4,1,240.0,HYB_DA_RT_C2
1000,0.1000000001,4,4,2,240.0,HYB_DA_RT_C2
999.9,1e-10,5,4,1,240.0,HYB_DA_RT_C2
1000,0.1000000001,5,4,2,240.0,HYB_DA_RT_C2
999.9,1e-10,6,4,1,240.0,HYB_DA_RT_C2
1000,0.1000000001,6,4,2,240.0,HYB_DA_RT_C2
999.9,1e-10,7,4,1,240.0,HYB_DA_RT_C2
1000,0.1000000001,7,4,2,240.0,HYB_DA_RT_C2
999.9,1e-10,8,4,1,240.0,HYB_DA_RT_C2
1000,0.1000000001,8,4,2,240.0,HYB_DA_RT_C2
999.9,1e-10,9,4,1,240.0,HYB_DA_RT_C2
1000,0.1000000001,9,4,2,240.0,HYB_DA_RT_C2
999.9,1e-10,10,4,1,240.0,HYB_DA_RT_C2
1000,0.1000000001,10,4,2,240.0,HYB_DA_RT_C2
999.9,1e-10,11,4,1,240.0,HYB_DA_RT_C2
1000,0.1000000001,11,4,2,240.0,HYB_DA_RT_C2
999.9,1e-10,12,4,1,240.0,HYB_DA_RT_C2
1000,0.1000000001,12,4,2,240.0,HYB_DA_RT_C2
999.9,1e-10,13,4,1,240.0,HYB_DA_RT_C2
1000,0.1000000001,13,4,2,240.0,HYB_DA_RT_C2
999.9,1e-10,14,4,1,240.0,HYB_DA_RT_C2
1000,0.1000000001,14,4,2,240.0,HYB_DA_RT_C2
999.9,1e-10,15,4,1,240.0,HYB_DA_RT_C2
1000,0.1000000001,15,4,2,240.0,HYB_DA_RT_C2
0.3712302653217674,-60.0,16.0,4,-1,240.0,HYB_DA_RT_C2
999.9,1e-10,16,4,1,240.0,HYB_DA_RT_C2
1000.0,1e-10,16.0,4,2,240.0,HYB_DA_RT_C2
0.4567148459640944,-47.463685,17.0,4,-1,240.0,HYB_DA_RT_C2
999.9,1e-10,17,4,1,240.0,HYB_DA_RT_C2
1000.0,1e-10,17.0,4,2,240.0,HYB_DA_RT_C2
999.9,1e-10,18,4,1,240.0,HYB_DA_RT_C2
1000,0.1000000001,18,4,2,240.0,HYB_DA_RT_C2
999.9,1e-10,19,4,1,240.0,HYB_DA_RT_C2
1000,0.1000000001,19,4,2,240.0,HYB_DA_RT_C2
0.9864739891268772,-47.549356708333335,20.0,4,-1,240.0,HYB_DA_RT_C2
999.9,1e-10,20,4,1,240.0,HYB_DA_RT_C2
1000.0,1e-10,20.0,4,2,240.0,HYB_DA_RT_C2
999.9,1e-10,21,4,1,240.0,HYB_DA_RT_C2
1000,0.1000000001,21,4,2,240.0,HYB_DA_RT_C2
999.9,1e-10,22,4,1,240.0,HYB_DA_RT_C2
1000,0.1000000001,22,4,2,240.0,HYB_DA_RT_C2
999.9,1e-10,23,4,1,240.0,HYB_DA_RT_C2
1000,0.1000000001,23,4,2,240.0,HYB_DA_RT_C2
999.9,1e-10,0,5,1,240.0,HYB_DA_RT_C2
1000,0.1000000001,0,5,2,240.0,HYB_DA_RT_C2
999.9,1e-10,1,5,1,240.0,HYB_DA_RT_C2
1000,0.1000000001,1,5,2,240.0,HYB_DA_RT_C2
999.9,1e-10,2,5,1,240.0,HYB_DA_RT_C2
1000,0.1000000001,2,5,2,240.0,HYB_DA_RT_C2
999.9,1e-10,3,5,1,240.0,HYB_DA_RT_C2
1000,0.1000000001,3,5,2,240.0,HYB_DA_RT_C2
999.9,1e-10,4,5,1,240.0,HYB_DA_RT_C2
1000,0.1000000001,4,5,2,240.0,HYB_DA_RT_C2
999.9,1e-10,5,5,1,240.0,HYB_DA_RT_C2
1000,0.1000000001,5,5,2,240.0,HYB_DA_RT_C2
999.9,1e-10,6,5,1,240.0,HYB_DA_RT_C2
1000,0.1000000001,6,5,2,240.0,HYB_DA_RT_C2
999.9,1e-10,7,5,1,240.0,HYB_DA_RT_C2
1000,0.1000000001,7,5,2,240.0,HYB_DA_RT_C2
999.9,1e-10,8,5,1,240.0,HYB_DA_RT_C2
1000,0.1000000001,8,5,2,240.0,HYB_DA_RT_C2
999.9,1e-10,9,5,1,240.0,HYB_DA_RT_C2
1000,0.1000000001,9,5,2,240.0,HYB_DA_RT_C2
999.9,1e-10,10,5,1,240.0,HYB_DA_RT_C2
1000,0.1000000001,10,5,2,240.0,HYB_DA_RT_C2
999.9,1e-10,11,5,1,240.0,HYB_DA_RT_C2
1000,0.1000000001,11,5,2,240.0,HYB_DA_RT_C2
999.9,1e-10,12,5,1,240.0,HYB_DA_RT_C2
1000,0.1000000001,12,5,2,240.0,HYB_DA_RT_C2
999.9,1e-10,13,5,1,240.0,HYB_DA_RT_C2
1000,0.1000000001,13,5,2,240.0,HYB_DA_RT_C2
999.9,1e-10,14,5,1,240.0,HYB_DA_RT_C2
1000,0.1000000001,14,5,2,240.0,HYB_DA_RT_C2
999.9,1e-10,15,5,1,240.0,HYB_DA_RT_C2
1000,0.1000000001,15,5,2,240.0,HYB_DA_RT_C2
0.3712302653217674,-60.0,16.0,5,-1,240.0,HYB_DA_RT_C2
999.9,1e-10,16,5,1,240.0,HYB_DA_RT_C2
1000.0,1e-10,16.0,5,2,240.0,HYB_DA_RT_C2
0.4567148459640944,-47.463685,17.0,5,-1,240.0,HYB_DA_RT_C2
999.9,1e-10,17,5,1,240.0,HYB_DA_RT_C2
1000.0,1e-10,17.0,5,2,240.0,HYB_DA_RT_C2
999.9,1e-10,18,5,1,240.0,HYB_DA_RT_C2
1000,0.1000000001,18,5,2,240.0,HYB_DA_RT_C2
999.9,1e-10,19,5,1,240.0,HYB_DA_RT_C2
1000,0.1000000001,19,5,2,240.0,HYB_DA_RT_C2
0.9864739891268772,-47.549356708333335,20.0,5,-1,240.0,HYB_DA_RT_C2
999.9,1e-10,20,5,1,240.0,HYB_DA_RT_C2
1000.0,1e-10,20.0,5,2,240.0,HYB_DA_RT_C2
999.9,1e-10,21,5,1,240.0,HYB_DA_RT_C2
1000,0.1000000001,21,5,2,240.0,HYB_DA_RT_C2
999.9,1e-10,22,5,1,240.0,HYB_DA_RT_C2
1000,0.1000000001,22,5,2,240.0,HYB_DA_RT_C2
999.9,1e-10,23,5,1,240.0,HYB_DA_RT_C2
1000,0.1000000001,23,5,2,240.0,HYB_DA_RT_C2
999.9,1e-10,0,6,1,240.0,HYB_DA_RT_C2
1000,0.1000000001,0,6,2,240.0,HYB_DA_RT_C2
999.9,1e-10,1,6,1,240.0,HYB_DA_RT_C2
1000,0.1000000001,1,6,2,240.0,HYB_DA_RT_C2
999.9,1e-10,2,6,1,240.0,HYB_DA_RT_C2
1000,0.1000000001,2,6,2,240.0,HYB_DA_RT_C2
999.9,1e-10,3,6,1,240.0,HYB_DA_RT_C2
1000,0.1000000001,3,6,2,240.0,HYB_DA_RT_C2
999.9,1e-10,4,6,1,240.0,HYB_DA_RT_C2
1000,0.1000000001,4,6,2,240.0,HYB_DA_RT_C2
999.9,1e-10,5,6,1,240.0,HYB_DA_RT_C2
1000,0.1000000001,5,6,2,240.0,HYB_DA_RT_C2
999.9,1e-10,6,6,1,240.0,HYB_DA_RT_C2
1000,0.1000000001,6,6,2,240.0,HYB_DA_RT_C2
999.9,1e-10,7,6,1,240.0,HYB_DA_RT_C2
1000,0.1000000001,7,6,2,240.0,HYB_DA_RT_C2
999.9,1e-10,8,6,1,240.0,HYB_DA_RT_C2
1000,0.1000000001,8,6,2,240.0,HYB_DA_RT_C2
999.9,1e-10,9,6,1,240.0,HYB_DA_RT_C2
1000,0.1000000001,9,6,2,240.0,HYB_DA_RT_C2
999.9,1e-10,10,6,1,240.0,HYB_DA_RT_C2
1000,0.1000000001,10,6,2,240.0,HYB_DA_RT_C2
999.9,1e-10,11,6,1,240.0,HYB_DA_RT_C2
1000,0.1000000001,11,6,2,240.0,HYB_DA_RT_C2
999.9,1e-10,12,6,1,240.0,HYB_DA_RT_C2
1000,0.1000000001,12,6,2,240.0,HYB_DA_RT_C2
999.9,1e-10,13,6,1,240.0,HYB_DA_RT_C2
1000,0.1000000001,13,6,2,240.0,HYB_DA_RT_C2
999.9,1e-10,14,6,1,240.0,HYB_DA_RT_C2
1000,0.1000000001,14,6,2,240.0,HYB_DA_RT_C2
999.9,1e-10,15,6,1,240.0,HYB_DA_RT_C2
1000,0.1000000001,15,6,2,240.0,HYB_DA_RT_C2
0.3712302653217674,-60.0,16.0,6,-1,240.0,HYB_DA_RT_C2
999.9,1e-10,16,6,1,240.0,HYB_DA_RT_C2
1000.0,1e-10,16.0,6,2,240.0,HYB_DA_RT_C2
0.4567148459640944,-47.463685,17.0,6,-1,240.0,HYB_DA_RT_C2
999.9,1e-10,17,6,1,240.0,HYB_DA_RT_C2
1000.0,1e-10,17.0,6,2,240.0,HYB_DA_RT_C2
999.9,1e-10,18,6,1,240.0,HYB_DA_RT_C2
1000,0.1000000001,18,6,2,240.0,HYB_DA_RT_C2
999.9,1e-10,19,6,1,240.0,HYB_DA_RT_C2
1000,0.1000000001,19,6,2,240.0,HYB_DA_RT_C2
0.9864739891268772,-47.549356708333335,20.0,6,-1,240.0,HYB_DA_RT_C2
999.9,1e-10,20,6,1,240.0,HYB_DA_RT_C2
1000.0,1e-10,20.0,6,2,240.0,HYB_DA_RT_C2
999.9,1e-10,21,6,1,240.0,HYB_DA_RT_C2
1000,0.1000000001,21,6,2,240.0,HYB_DA_RT_C2
999.9,1e-10,22,6,1,240.0,HYB_DA_RT_C2
1000,0.1000000001,22,6,2,240.0,HYB_DA_RT_C2
999.9,1e-10,23,6,1,240.0,HYB_DA_RT_C2
1000,0.1000000001,23,6,2,240.0,HYB_DA_RT_C2
999.9,1e-10,0,7,1,240.0,HYB_DA_RT_C2
1000,0.1000000001,0,7,2,240.0,HYB_DA_RT_C2
999.9,1e-10,1,7,1,240.0,HYB_DA_RT_C2
1000,0.1000000001,1,7,2,240.0,HYB_DA_RT_C2
999.9,1e-10,2,7,1,240.0,HYB_DA_RT_C2
1000,0.1000000001,2,7,2,240.0,HYB_DA_RT_C2
999.9,1e-10,3,7,1,240.0,HYB_DA_RT_C2
1000,0.1000000001,3,7,2,240.0,HYB_DA_RT_C2
999.9,1e-10,4,7,1,240.0,HYB_DA_RT_C2
1000,0.1000000001,4,7,2,240.0,HYB_DA_RT_C2
999.9,1e-10,5,7,1,240.0,HYB_DA_RT_C2
1000,0.1000000001,5,7,2,240.0,HYB_DA_RT_C2
999.9,1e-10,6,7,1,240.0,HYB_DA_RT_C2
1000,0.1000000001,6,7,2,240.0,HYB_DA_RT_C2
999.9,1e-10,7,7,1,240.0,HYB_DA_RT_C2
1000,0.1000000001,7,7,2,240.0,HYB_DA_RT_C2
999.9,1e-10,8,7,1,240.0,HYB_DA_RT_C2
1000,0.1000000001,8,7,2,240.0,HYB_DA_RT_C2
999.9,1e-10,9,7,1,240.0,HYB_DA_RT_C2
1000,0.1000000001,9,7,2,240.0,HYB_DA_RT_C2
999.9,1e-10,10,7,1,240.0,HYB_DA_RT_C2
1000,0.1000000001,10,7,2,240.0,HYB_DA_RT_C2
999.9,1e-10,11,7,1,240.0,HYB_DA_RT_C2
1000,0.1000000001,11,7,2,240.0,HYB_DA_RT_C2
999.9,1e-10,12,7,1,240.0,HYB_DA_RT_C2
1000,0.1000000001,12,7,2,240.0,HYB_DA_RT_C2
999.9,1e-10,13,7,1,240.0,HYB_DA_RT_C2
1000,0.1000000001,13,7,2,240.0,HYB_DA_RT_C2
999.9,1e-10,14,7,1,240.0,HYB_DA_RT_C2
1000,0.1000000001,14,7,2,240.0,HYB_DA_RT_C2
999.9,1e-10,15,7,1,240.0,HYB_DA_RT_C2
1000,0.1000000001,15,7,2,240.0,HYB_DA_RT_C2
0.3712302653217674,-60.0,16.0,7,-1,240.0,HYB_DA_RT_C2
999.9,1e-10,16,7,1,240.0,HYB_DA_RT_C2
1000.0,1e-10,16.0,7,2,240.0,HYB_DA_RT_C2
0.4567148459640944,-47.463685,17.0,7,-1,240.0,HYB_DA_RT_C2
999.9,1e-10,17,7,1,240.0,HYB_DA_RT_C2
1000.0,1e-10,17.0,7,2,240.0,HYB_DA_RT_C2
999.9,1e-10,18,7,1,240.0,HYB_DA_RT_C2
1000,0.1000000001,18,7,2,240.0,HYB_DA_RT_C2
999.9,1e-10,19,7,1,240.0,HYB_DA_RT_C2
1000,0.1000000001,19,7,2,240.0,HYB_DA_RT_C2
0.9864739891268772,-47.549356708333335,20.0,7,-1,240.0,HYB_DA_RT_C2
999.9,1e-10,20,7,1,240.0,HYB_DA_RT_C2
1000.0,1e-10,20.0,7,2,240.0,HYB_DA_RT_C2
999.9,1e-10,21,7,1,240.0,HYB_DA_RT_C2
1000,0.1000000001,21,7,2,240.0,HYB_DA_RT_C2
999.9,1e-10,22,7,1,240.0,HYB_DA_RT_C2
1000,0.1000000001,22,7,2,240.0,HYB_DA_RT_C2
999.9,1e-10,23,7,1,240.0,HYB_DA_RT_C2
1000,0.1000000001,23,7,2,240.0,HYB_DA_RT_C2
999.9,1e-10,0,8,1,240.0,HYB_DA_RT_C2
1000,0.1000000001,0,8,2,240.0,HYB_DA_RT_C2
999.9,1e-10,1,8,1,240.0,HYB_DA_RT_C2
1000,0.1000000001,1,8,2,240.0,HYB_DA_RT_C2
999.9,1e-10,2,8,1,240.0,HYB_DA_RT_C2
1000,0.1000000001,2,8,2,240.0,HYB_DA_RT_C2
999.9,1e-10,3,8,1,240.0,HYB_DA_RT_C2
1000,0.1000000001,3,8,2,240.0,HYB_DA_RT_C2
999.9,1e-10,4,8,1,240.0,HYB_DA_RT_C2
1000,0.1000000001,4,8,2,240.0,HYB_DA_RT_C2
999.9,1e-10,5,8,1,240.0,HYB_DA_RT_C2
1000,0.1000000001,5,8,2,240.0,HYB_DA_RT_C2
999.9,1e-10,6,8,1,240.0,HYB_DA_RT_C2
1000,0.1000000001,6,8,2,240.0,HYB_DA_RT_C2
999.9,1e-10,7,8,1,240.0,HYB_DA_RT_C2
1000,0.1000000001,7,8,2,240.0,HYB_DA_RT_C2
999.9,1e-10,8,8,1,240.0,HYB_DA_RT_C2
1000,0.1000000001,8,8,2,240.0,HYB_DA_RT_C2
999.9,1e-10,9,8,1,240.0,HYB_DA_RT_C2
1000,0.1000000001,9,8,2,240.0,HYB_DA_RT_C2
999.9,1e-10,10,8,1,240.0,HYB_DA_RT_C2
1000,0.1000000001,10,8,2,240.0,HYB_DA_RT_C2
999.9,1e-10,11,8,1,240.0,HYB_DA_RT_C2
1000,0.1000000001,11,8,2,240.0,HYB_DA_RT_C2
999.9,1e-10,12,8,1,240.0,HYB_DA_RT_C2
1000,0.1000000001,12,8,2,240.0,HYB_DA_RT_C2
999.9,1e-10,13,8,1,240.0,HYB_DA_RT_C2
1000,0.1000000001,13,8,2,240.0,HYB_DA_RT_C2
999.9,1e-10,14,8,1,240.0,HYB_DA_RT_C2
1000,0.1000000001,14,8,2,240.0,HYB_DA_RT_C2
999.9,1e-10,15,8,1,240.0,HYB_DA_RT_C2
1000,0.1000000001,15,8,2,240.0,HYB_DA_RT_C2
0.3712302653217674,-60.0,16.0,8,-1,240.0,HYB_DA_RT_C2
999.9,1e-10,16,8,1,240.0,HYB_DA_RT_C2
1000.0,1e-10,16.0,8,2,240.0,HYB_DA_RT_C2
0.4567148459640944,-47.463685,17.0,8,-1,240.0,HYB_DA_RT_C2
999.9,1e-10,17,8,1,240.0,HYB_DA_RT_C2
1000.0,1e-10,17.0,8,2,240.0,HYB_DA_RT_C2
999.9,1e-10,18,8,1,240.0,HYB_DA_RT_C2
1000,0.1000000001,18,8,2,240.0,HYB_DA_RT_C2
999.9,1e-10,19,8,1,240.0,HYB_DA_RT_C2
1000,0.1000000001,19,8,2,240.0,HYB_DA_RT_C2
0.9864739891268772,-47.549356708333335,20.0,8,-1,240.0,HYB_DA_RT_C2
999.9,1e-10,20,8,1,240.0,HYB_DA_RT_C2
1000.0,1e-10,20.0,8,2,240.0,HYB_DA_RT_C2
999.9,1e-10,21,8,1,240.0,HYB_DA_RT_C2
1000,0.1000000001,21,8,2,240.0,HYB_DA_RT_C2
999.9,1e-10,22,8,1,240.0,HYB_DA_RT_C2
1000,0.1000000001,22,8,2,240.0,HYB_DA_RT_C2
999.9,1e-10,23,8,1,240.0,HYB_DA_RT_C2
1000,0.1000000001,23,8,2,240.0,HYB_DA_RT_C2
999.9,1e-10,0,9,1,240.0,HYB_DA_RT_C2
1000,0.1000000001,0,9,2,240.0,HYB_DA_RT_C2
999.9,1e-10,1,9,1,240.0,HYB_DA_RT_C2
1000,0.1000000001,1,9,2,240.0,HYB_DA_RT_C2
999.9,1e-10,2,9,1,240.0,HYB_DA_RT_C2
1000,0.1000000001,2,9,2,240.0,HYB_DA_RT_C2
999.9,1e-10,3,9,1,240.0,HYB_DA_RT_C2
1000,0.1000000001,3,9,2,240.0,HYB_DA_RT_C2
999.9,1e-10,4,9,1,240.0,HYB_DA_RT_C2
1000,0.1000000001,4,9,2,240.0,HYB_DA_RT_C2
999.9,1e-10,5,9,1,240.0,HYB_DA_RT_C2
1000,0.1000000001,5,9,2,240.0,HYB_DA_RT_C2
999.9,1e-10,6,9,1,240.0,HYB_DA_RT_C2
1000,0.1000000001,6,9,2,240.0,HYB_DA_RT_C2
999.9,1e-10,7,9,1,240.0,HYB_DA_RT_C2
1000,0.1000000001,7,9,2,240.0,HYB_DA_RT_C2
999.9,1e-10,8,9,1,240.0,HYB_DA_RT_C2
1000,0.1000000001,8,9,2,240.0,HYB_DA_RT_C2
999.9,1e-10,9,9,1,240.0,HYB_DA_RT_C2
1000,0.1000000001,9,9,2,240.0,HYB_DA_RT_C2
999.9,1e-10,10,9,1,240.0,HYB_DA_RT_C2
1000,0.1000000001,10,9,2,240.0,HYB_DA_RT_C2
999.9,1e-10,11,9,1,240.0,HYB_DA_RT_C2
1000,0.1000000001,11,9,2,240.0,HYB_DA_RT_C2
999.9,1e-10,12,9,1,240.0,HYB_DA_RT_C2
1000,0.1000000001,12,9,2,240.0,HYB_DA_RT_C2
999.9,1e-10,13,9,1,240.0,HYB_DA_RT_C2
1000,0.1000000001,13,9,2,240.0,HYB_DA_RT_C2
999.9,1e-10,14,9,1,240.0,HYB_DA_RT_C2
1000,0.1000000001,14,9,2,240.0,HYB_DA_RT_C2
999.9,1e-10,15,9,1,240.0,HYB_DA_RT_C2
1000,0.1000000001,15,9,2,240.0,HYB_DA_RT_C2
0.3712302653217674,-60.0,16.0,9,-1,240.0,HYB_DA_RT_C2
999.9,1e-10,16,9,1,240.0,HYB_DA_RT_C2
1000.0,1e-10,16.0,9,2,240.0,HYB_DA_RT_C2
0.4567148459640944,-47.463685,17.0,9,-1,240.0,HYB_DA_RT_C2
999.9,1e-10,17,9,1,240.0,HYB_DA_RT_C2
1000.0,1e-10,17.0,9,2,240.0,HYB_DA_RT_C2
999.9,1e-10,18,9,1,240.0,HYB_DA_RT_C2
1000,0.1000000001,18,9,2,240.0,HYB_DA_RT_C2
999.9,1e-10,19,9,1,240.0,HYB_DA_RT_C2
1000,0.1000000001,19,9,2,240.0,HYB_DA_RT_C2
0.9864739891268772,-47.549356708333335,20.0,9,-1,240.0,HYB_DA_RT_C2
999.9,1e-10,20,9,1,240.0,HYB_DA_RT_C2
1000.0,1e-10,20.0,9,2,240.0,HYB_DA_RT_C2
999.9,1e-10,21,9,1,240.0,HYB_DA_RT_C2
1000,0.1000000001,21,9,2,240.0,HYB_DA_RT_C2
999.9,1e-10,22,9,1,240.0,HYB_DA_RT_C2
1000,0.1000000001,22,9,2,240.0,HYB_DA_RT_C2
999.9,1e-10,23,9,1,240.0,HYB_DA_RT_C2
1000,0.1000000001,23,9,2,240.0,HYB_DA_RT_C2
999.9,1e-10,0,10,1,240.0,HYB_DA_RT_C2
1000,0.1000000001,0,10,2,240.0,HYB_DA_RT_C2
999.9,1e-10,1,10,1,240.0,HYB_DA_RT_C2
1000,0.1000000001,1,10,2,240.0,HYB_DA_RT_C2
999.9,1e-10,2,10,1,240.0,HYB_DA_RT_C2
1000,0.1000000001,2,10,2,240.0,HYB_DA_RT_C2
999.9,1e-10,3,10,1,240.0,HYB_DA_RT_C2
1000,0.1000000001,3,10,2,240.0,HYB_DA_RT_C2
999.9,1e-10,4,10,1,240.0,HYB_DA_RT_C2
1000,0.1000000001,4,10,2,240.0,HYB_DA_RT_C2
999.9,1e-10,5,10,1,240.0,HYB_DA_RT_C2
1000,0.1000000001,5,10,2,240.0,HYB_DA_RT_C2
999.9,1e-10,6,10,1,240.0,HYB_DA_RT_C2
1000,0.1000000001,6,10,2,240.0,HYB_DA_RT_C2
999.9,1e-10,7,10,1,240.0,HYB_DA_RT_C2
1000,0.1000000001,7,10,2,240.0,HYB_DA_RT_C2
999.9,1e-10,8,10,1,240.0,HYB_DA_RT_C2
1000,0.1000000001,8,10,2,240.0,HYB_DA_RT_C2
999.9,1e-10,9,10,1,240.0,HYB_DA_RT_C2
1000,0.1000000001,9,10,2,240.0,HYB_DA_RT_C2
999.9,1e-10,10,10,1,240.0,HYB_DA_RT_C2
1000,0.1000000001,10,10,2,240.0,HYB_DA_RT_C2
999.9,1e-10,11,10,1,240.0,HYB_DA_RT_C2
1000,0.1000000001,11,10,2,240.0,HYB_DA_RT_C2
999.9,1e-10,12,10,1,240.0,HYB_DA_RT_C2
1000,0.1000000001,12,10,2,240.0,HYB_DA_RT_C2
999.9,1e-10,13,10,1,240.0,HYB_DA_RT_C2
1000,0.1000000001,13,10,2,240.0,HYB_DA_RT_C2
999.9,1e-10,14,10,1,240.0,HYB_DA_RT_C2
1000,0.1000000001,14,10,2,240.0,HYB_DA_RT_C2
999.9,1e-10,15,10,1,240.0,HYB_DA_RT_C2
1000,0.1000000001,15,10,2,240.0,HYB_DA_RT_C2
0.3712302653217674,-60.0,16.0,10,-1,240.0,HYB_DA_RT_C2
999.9,1e-10,16,10,1,240.0,HYB_DA_RT_C2
1000.0,1e-10,16.0,10,2,240.0,HYB_DA_RT_C2
0.4567148459640944,-47.463685,17.0,10,-1,240.0,HYB_DA_RT_C2
999.9,1e-10,17,10,1,240.0,HYB_DA_RT_C2
1000.0,1e-10,17.0,10,2,240.0,HYB_DA_RT_C2
999.9,1e-10,18,10,1,240.0,HYB_DA_RT_C2
1000,0.1000000001,18,10,2,240.0,HYB_DA_RT_C2
999.9,1e-10,19,10,1,240.0,HYB_DA_RT_C2
1000,0.1000000001,19,10,2,240.0,HYB_DA_RT_C2
0.9864739891268772,-47.549356708333335,20.0,10,-1,240.0,HYB_DA_RT_C2
999.9,1e-10,20,10,1,240.0,HYB_DA_RT_C2
1000.0,1e-10,20.0,10,2,240.0,HYB_DA_RT_C2
999.9,1e-10,21,10,1,240.0,HYB_DA_RT_C2
1000,0.1000000001,21,10,2,240.0,HYB_DA_RT_C2
999.9,1e-10,22,10,1,240.0,HYB_DA_RT_C2
1000,0.1000000001,22,10,2,240.0,HYB_DA_RT_C2
999.9,1e-10,23,10,1,240.0,HYB_DA_RT_C2
1000,0.1000000001,23,10,2,240.0,HYB_DA_RT_C2
999.9,1e-10,0,11,1,240.0,HYB_DA_RT_C2
1000,0.1000000001,0,11,2,240.0,HYB_DA_RT_C2
999.9,1e-10,1,11,1,240.0,HYB_DA_RT_C2
1000,0.1000000001,1,11,2,240.0,HYB_DA_RT_C2
999.9,1e-10,2,11,1,240.0,HYB_DA_RT_C2
1000,0.1000000001,2,11,2,240.0,HYB_DA_RT_C2
999.9,1e-10,3,11,1,240.0,HYB_DA_RT_C2
1000,0.1000000001,3,11,2,240.0,HYB_DA_RT_C2
999.9,1e-10,4,11,1,240.0,HYB_DA_RT_C2
1000,0.1000000001,4,11,2,240.0,HYB_DA_RT_C2
999.9,1e-10,5,11,1,240.0,HYB_DA_RT_C2
1000,0.1000000001,5,11,2,240.0,HYB_DA_RT_C2
999.9,1e-10,6,11,1,240.0,HYB_DA_RT_C2
1000,0.1000000001,6,11,2,240.0,HYB_DA_RT_C2
999.9,1e-10,7,11,1,240.0,HYB_DA_RT_C2
1000,0.1000000001,7,11,2,240.0,HYB_DA_RT_C2
999.9,1e-10,8,11,1,240.0,HYB_DA_RT_C2
1000,0.1000000001,8,11,2,240.0,HYB_DA_RT_C2
999.9,1e-10,9,11,1,240.0,HYB_DA_RT_C2
1000,0.1000000001,9,11,2,240.0,HYB_DA_RT_C2
999.9,1e-10,10,11,1,240.0,HYB_DA_RT_C2
1000,0.1000000001,10,11,2,240.0,HYB_DA_RT_C2
999.9,1e-10,11,11,1,240.0,HYB_DA_RT_C2
1000,0.1000000001,11,11,2,240.0,HYB_DA_RT_C2
999.9,1e-10,12,11,1,240.0,HYB_DA_RT_C2
1000,0.1000000001,12,11,2,240.0,HYB_DA_RT_C2
999.9,1e-10,13,11,1,240.0,HYB_DA_RT_C2
1000,0.1000000001,13,11,2,240.0,HYB_DA_RT_C2
999.9,1e-10,14,11,1,240.0,HYB_DA_RT_C2
1000,0.1000000001,14,11,2,240.0,HYB_DA_RT_C2
999.9,1e-10,15,11,1,240.0,HYB_DA_RT_C2
1000,0.1000000001,15,11,2,240.0,HYB_DA_RT_C2
0.3712302653217674,-60.0,16.0,11,-1,240.0,HYB_DA_RT_C2
999.9,1e-10,16,11,1,240.0,HYB_DA_RT_C2
1000.0,1e-10,16.0,11,2,240.0,HYB_DA_RT_C2
0.4567148459640944,-47.463685,17.0,11,-1,240.0,HYB_DA_RT_C2
999.9,1e-10,17,11,1,240.0,HYB_DA_RT_C2
1000.0,1e-10,17.0,11,2,240.0,HYB_DA_RT_C2
999.9,1e-10,18,11,1,240.0,HYB_DA_RT_C2
1000,0.1000000001,18,11,2,240.0,HYB_DA_RT_C2
999.9,1e-10,19,11,1,240.0,HYB_DA_RT_C2
1000,0.1000000001,19,11,2,240.0,HYB_DA_RT_C2
0.9864739891268772,-47.549356708333335,20.0,11,-1,240.0,HYB_DA_RT_C2
999.9,1e-10,20,11,1,240.0,HYB_DA_RT_C2
1000.0,1e-10,20.0,11,2,240.0,HYB_DA_RT_C2
999.9,1e-10,21,11,1,240.0,HYB_DA_RT_C2
1000,0.1000000001,21,11,2,240.0,HYB_DA_RT_C2
999.9,1e-10,22,11,1,240.0,HYB_DA_RT_C2
1000,0.1000000001,22,11,2,240.0,HYB_DA_RT_C2
999.9,1e-10,23,11,1,240.0,HYB_DA_RT_C2
1000,0.1000000001,23,11,2,240.0,HYB_DA_RT_C2
999.9,1e-10,0,12,1,240.0,HYB_DA_RT_C2
1000,0.1000000001,0,12,2,240.0,HYB_DA_RT_C2
999.9,1e-10,1,12,1,240.0,HYB_DA_RT_C2
1000,0.1000000001,1,12,2,240.0,HYB_DA_RT_C2
999.9,1e-10,2,12,1,240.0,HYB_DA_RT_C2
1000,0.1000000001,2,12,2,240.0,HYB_DA_RT_C2
999.9,1e-10,3,12,1,240.0,HYB_DA_RT_C2
1000,0.1000000001,3,12,2,240.0,HYB_DA_RT_C2
999.9,1e-10,4,12,1,240.0,HYB_DA_RT_C2
1000,0.1000000001,4,12,2,240.0,HYB_DA_RT_C2
999.9,1e-10,5,12,1,240.0,HYB_DA_RT_C2
1000,0.1000000001,5,12,2,240.0,HYB_DA_RT_C2
999.9,1e-10,6,12,1,240.0,HYB_DA_RT_C2
1000,0.1000000001,6,12,2,240.0,HYB_DA_RT_C2
999.9,1e-10,7,12,1,240.0,HYB_DA_RT_C2
1000,0.1000000001,7,12,2,240.0,HYB_DA_RT_C2
999.9,1e-10,8,12,1,240.0,HYB_DA_RT_C2
1000,0.1000000001,8,12,2,240.0,HYB_DA_RT_C2
999.9,1e-10,9,12,1,240.0,HYB_DA_RT_C2
1000,0.1000000001,9,12,2,240.0,HYB_DA_RT_C2
999.9,1e-10,10,12,1,240.0,HYB_DA_RT_C2
1000,0.1000000001,10,12,2,240.0,HYB_DA_RT_C2
999.9,1e-10,11,12,1,240.0,HYB_DA_RT_C2
1000,0.1000000001,11,12,2,240.0,HYB_DA_RT_C2
999.9,1e-10,12,12,1,240.0,HYB_DA_RT_C2
1000,0.1000000001,12,12,2,240.0,HYB_DA_RT_C2
999.9,1e-10,13,12,1,240.0,HYB_DA_RT_C2
1000,0.1000000001,13,12,2,240.0,HYB_DA_RT_C2
999.9,1e-10,14,12,1,240.0,HYB_DA_RT_C2
1000,0.1000000001,14,12,2,240.0,HYB_DA_RT_C2
999.9,1e-10,15,12,1,240.0,HYB_DA_RT_C2
1000,0.1000000001,15,12,2,240.0,HYB_DA_RT_C2
0.3712302653217674,-60.0,16.0,12,-1,240.0,HYB_DA_RT_C2
999.9,1e-10,16,12,1,240.0,HYB_DA_RT_C2
1000.0,1e-10,16.0,12,2,240.0,HYB_DA_RT_C2
0.4567148459640944,-47.463685,17.0,12,-1,240.0,HYB_DA_RT_C2
999.9,1e-10,17,12,1,240.0,HYB_DA_RT_C2
1000.0,1e-10,17.0,12,2,240.0,HYB_DA_RT_C2
999.9,1e-10,18,12,1,240.0,HYB_DA_RT_C2
1000,0.1000000001,18,12,2,240.0,HYB_DA_RT_C2
999.9,1e-10,19,12,1,240.0,HYB_DA_RT_C2
1000,0.1000000001,19,12,2,240.0,HYB_DA_RT_C2
0.9864739891268772,-47.549356708333335,20.0,12,-1,240.0,HYB_DA_RT_C2
999.9,1e-10,20,12,1,240.0,HYB_DA_RT_C2
1000.0,1e-10,20.0,12,2,240.0,HYB_DA_RT_C2
999.9,1e-10,21,12,1,240.0,HYB_DA_RT_C2
1000,0.1000000001,21,12,2,240.0,HYB_DA_RT_C2
999.9,1e-10,22,12,1,240.0,HYB_DA_RT_C2
1000,0.1000000001,22,12,2,240.0,HYB_DA_RT_C2
999.9,1e-10,23,12,1,240.0,HYB_DA_RT_C2
1000,0.1000000001,23,12,2,240.0,HYB_DA_RT_C2
999.9,1e-10,0,13,1,240.0,HYB_DA_RT_C2
1000,0.1000000001,0,13,2,240.0,HYB_DA_RT_C2
999.9,1e-10,1,13,1,240.0,HYB_DA_RT_C2
1000,0.1000000001,1,13,2,240.0,HYB_DA_RT_C2
999.9,1e-10,2,13,1,240.0,HYB_DA_RT_C2
1000,0.1000000001,2,13,2,240.0,HYB_DA_RT_C2
999.9,1e-10,3,13,1,240.0,HYB_DA_RT_C2
1000,0.1000000001,3,13,2,240.0,HYB_DA_RT_C2
999.9,1e-10,4,13,1,240.0,HYB_DA_RT_C2
1000,0.1000000001,4,13,2,240.0,HYB_DA_RT_C2
999.9,1e-10,5,13,1,240.0,HYB_DA_RT_C2
1000,0.1000000001,5,13,2,240.0,HYB_DA_RT_C2
999.9,1e-10,6,13,1,240.0,HYB_DA_RT_C2
1000,0.1000000001,6,13,2,240.0,HYB_DA_RT_C2
999.9,1e-10,7,13,1,240.0,HYB_DA_RT_C2
1000,0.1000000001,7,13,2,240.0,HYB_DA_RT_C2
999.9,1e-10,8,13,1,240.0,HYB_DA_RT_C2
1000,0.1000000001,8,13,2,240.0,HYB_DA_RT_C2
999.9,1e-10,9,13,1,240.0,HYB_DA_RT_C2
1000,0.1000000001,9,13,2,240.0,HYB_DA_RT_C2
999.9,1e-10,10,13,1,240.0,HYB_DA_RT_C2
1000,0.1000000001,10,13,2,240.0,HYB_DA_RT_C2
999.9,1e-10,11,13,1,240.0,HYB_DA_RT_C2
1000,0.1000000001,11,13,2,240.0,HYB_DA_RT_C2
999.9,1e-10,12,13,1,240.0,HYB_DA_RT_C2
1000,0.1000000001,12,13,2,240.0,HYB_DA_RT_C2
999.9,1e-10,13,13,1,240.0,HYB_DA_RT_C2
1000,0.1000000001,13,13,2,240.0,HYB_DA_RT_C2
999.9,1e-10,14,13,1,240.0,HYB_DA_RT_C2
1000,0.1000000001,14,13,2,240.0,HYB_DA_RT_C2
999.9,1e-10,15,13,1,240.0,HYB_DA_RT_C2
1000,0.1000000001,15,13,2,240.0,HYB_DA_RT_C2
0.3712302653217674,-60.0,16.0,13,-1,240.0,HYB_DA_RT_C2
999.9,1e-10,16,13,1,240.0,HYB_DA_RT_C2
1000.0,1e-10,16.0,13,2,240.0,HYB_DA_RT_C2
0.4567148459640944,-47.463685,17.0,13,-1,240.0,HYB_DA_RT_C2
999.9,1e-10,17,13,1,240.0,HYB_DA_RT_C2
1000.0,1e-10,17.0,13,2,240.0,HYB_DA_RT_C2
999.9,1e-10,18,13,1,240.0,HYB_DA_RT_C2
1000,0.1000000001,18,13,2,240.0,HYB_DA_RT_C2
999.9,1e-10,19,13,1,240.0,HYB_DA_RT_C2
1000,0.1000000001,19,13,2,240.0,HYB_DA_RT_C2
0.9864739891268772,-47.549356708333335,20.0,13,-1,240.0,HYB_DA_RT_C2
999.9,1e-10,20,13,1,240.0,HYB_DA_RT_C2
1000.0,1e-10,20.0,13,2,240.0,HYB_DA_RT_C2
999.9,1e-10,21,13,1,240.0,HYB_DA_RT_C2
1000,0.1000000001,21,13,2,240.0,HYB_DA_RT_C2
999.9,1e-10,22,13,1,240.0,HYB_DA_RT_C2
1000,0.1000000001,22,13,2,240.0,HYB_DA_RT_C2
999.9,1e-10,23,13,1,240.0,HYB_DA_RT_C2
1000,0.1000000001,23,13,2,240.0,HYB_DA_RT_C2
999.9,1e-10,0,14,1,240.0,HYB_DA_RT_C2
1000,0.1000000001,0,14,2,240.0,HYB_DA_RT_C2
999.9,1e-10,1,14,1,240.0,HYB_DA_RT_C2
1000,0.1000000001,1,14,2,240.0,HYB_DA_RT_C2
999.9,1e-10,2,14,1,240.0,HYB_DA_RT_C2
1000,0.1000000001,2,14,2,240.0,HYB_DA_RT_C2
999.9,1e-10,3,14,1,240.0,HYB_DA_RT_C2
1000,0.1000000001,3,14,2,240.0,HYB_DA_RT_C2
999.9,1e-10,4,14,1,240.0,HYB_DA_RT_C2
1000,0.1000000001,4,14,2,240.0,HYB_DA_RT_C2
999.9,1e-10,5,14,1,240.0,HYB_DA_RT_C2
1000,0.1000000001,5,14,2,240.0,HYB_DA_RT_C2
999.9,1e-10,6,14,1,240.0,HYB_DA_RT_C2
1000,0.1000000001,6,14,2,240.0,HYB_DA_RT_C2
999.9,1e-10,7,14,1,240.0,HYB_DA_RT_C2
1000,0.1000000001,7,14,2,240.0,HYB_DA_RT_C2
999.9,1e-10,8,14,1,240.0,HYB_DA_RT_C2
1000,0.1000000001,8,14,2,240.0,HYB_DA_RT_C2
999.9,1e-10,9,14,1,240.0,HYB_DA_RT_C2
1000,0.1000000001,9,14,2,240.0,HYB_DA_RT_C2
999.9,1e-10,10,14,1,240.0,HYB_DA_RT_C2
1000,0.1000000001,10,14,2,240.0,HYB_DA_RT_C2
999.9,1e-10,11,14,1,240.0,HYB_DA_RT_C2
1000,0.1000000001,11,14,2,240.0,HYB_DA_RT_C2
999.9,1e-10,12,14,1,240.0,HYB_DA_RT_C2
1000,0.1000000001,12,14,2,240.0,HYB_DA_RT_C2
999.9,1e-10,13,14,1,240.0,HYB_DA_RT_C2
1000,0.1000000001,13,14,2,240.0,HYB_DA_RT_C2
999.9,1e-10,14,14,1,240.0,HYB_DA_RT_C2
1000,0.1000000001,14,14,2,240.0,HYB_DA_RT_C2
999.9,1e-10,15,14,1,240.0,HYB_DA_RT_C2
1000,0.1000000001,15,14,2,240.0,HYB_DA_RT_C2
0.3712302653217674,-60.0,16.0,14,-1,240.0,HYB_DA_RT_C2
999.9,1e-10,16,14,1,240.0,HYB_DA_RT_C2
1000.0,1e-10,16.0,14,2,240.0,HYB_DA_RT_C2
0.4567148459640944,-47.463685,17.0,14,-1,240.0,HYB_DA_RT_C2
999.9,1e-10,17,14,1,240.0,HYB_DA_RT_C2
1000.0,1e-10,17.0,14,2,240.0,HYB_DA_RT_C2
999.9,1e-10,18,14,1,240.0,HYB_DA_RT_C2
1000,0.1000000001,18,14,2,240.0,HYB_DA_RT_C2
999.9,1e-10,19,14,1,240.0,HYB_DA_RT_C2
1000,0.1000000001,19,14,2,240.0,HYB_DA_RT_C2
0.9864739891268772,-47.549356708333335,20.0,14,-1,240.0,HYB_DA_RT_C2
999.9,1e-10,20,14,1,240.0,HYB_DA_RT_C2
1000.0,1e-10,20.0,14,2,240.0,HYB_DA_RT_C2
999.9,1e-10,21,14,1,240.0,HYB_DA_RT_C2
1000,0.1000000001,21,14,2,240.0,HYB_DA_RT_C2
999.9,1e-10,22,14,1,240.0,HYB_DA_RT_C2
1000,0.1000000001,22,14,2,240.0,HYB_DA_RT_C2
999.9,1e-10,23,14,1,240.0,HYB_DA_RT_C2
1000,0.1000000001,23,14,2,240.0,HYB_DA_RT_C2
999.9,1e-10,0,15,1,240.0,HYB_DA_RT_C2
1000,0.1000000001,0,15,2,240.0,HYB_DA_RT_C2
999.9,1e-10,1,15,1,240.0,HYB_DA_RT_C2
1000,0.1000000001,1,15,2,240.0,HYB_DA_RT_C2
999.9,1e-10,2,15,1,240.0,HYB_DA_RT_C2
1000,0.1000000001,2,15,2,240.0,HYB_DA_RT_C2
999.9,1e-10,3,15,1,240.0,HYB_DA_RT_C2
1000,0.1000000001,3,15,2,240.0,HYB_DA_RT_C2
999.9,1e-10,4,15,1,240.0,HYB_DA_RT_C2
1000,0.1000000001,4,15,2,240.0,HYB_DA_RT_C2
999.9,1e-10,5,15,1,240.0,HYB_DA_RT_C2
1000,0.1000000001,5,15,2,240.0,HYB_DA_RT_C2
999.9,1e-10,6,15,1,240.0,HYB_DA_RT_C2
1000,0.1000000001,6,15,2,240.0,HYB_DA_RT_C2
999.9,1e-10,7,15,1,240.0,HYB_DA_RT_C2
1000,0.1000000001,7,15,2,240.0,HYB_DA_RT_C2
999.9,1e-10,8,15,1,240.0,HYB_DA_RT_C2
1000,0.1000000001,8,15,2,240.0,HYB_DA_RT_C2
999.9,1e-10,9,15,1,240.0,HYB_DA_RT_C2
1000,0.1000000001,9,15,2,240.0,HYB_DA_RT_C2
999.9,1e-10,10,15,1,240.0,HYB_DA_RT_C2
1000,0.1000000001,10,15,2,240.0,HYB_DA_RT_C2
999.9,1e-10,11,15,1,240.0,HYB_DA_RT_C2
1000,0.1000000001,11,15,2,240.0,HYB_DA_RT_C2
999.9,1e-10,12,15,1,240.0,HYB_DA_RT_C2
1000,0.1000000001,12,15,2,240.0,HYB_DA_RT_C2
999.9,1e-10,13,15,1,240.0,HYB_DA_RT_C2
1000,0.1000000001,13,15,2,240.0,HYB_DA_RT_C2
999.9,1e-10,14,15,1,240.0,HYB_DA_RT_C2
1000,0.1000000001,14,15,2,240.0,HYB_DA_RT_C2
999.9,1e-10,15,15,1,240.0,HYB_DA_RT_C2
1000,0.1000000001,15,15,2,240.0,HYB_DA_RT_C2
0.3712302653217674,-60.0,16.0,15,-1,240.0,HYB_DA_RT_C2
999.9,1e-10,16,15,1,240.0,HYB_DA_RT_C2
1000.0,1e-10,16.0,15,2,240.0,HYB_DA_RT_C2
0.4567148459640944,-47.463685,17.0,15,-1,240.0,HYB_DA_RT_C2
999.9,1e-10,17,15,1,240.0,HYB_DA_RT_C2
1000.0,1e-10,17.0,15,2,240.0,HYB_DA_RT_C2
999.9,1e-10,18,15,1,240.0,HYB_DA_RT_C2
1000,0.1000000001,18,15,2,240.0,HYB_DA_RT_C2
999.9,1e-10,19,15,1,240.0,HYB_DA_RT_C2
1000,0.1000000001,19,15,2,240.0,HYB_DA_RT_C2
0.9864739891268772,-47.549356708333335,20.0,15,-1,240.0,HYB_DA_RT_C2
999.9,1e-10,20,15,1,240.0,HYB_DA_RT_C2
1000.0,1e-10,20.0,15,2,240.0,HYB_DA_RT_C2
999.9,1e-10,21,15,1,240.0,HYB_DA_RT_C2
1000,0.1000000001,21,15,2,240.0,HYB_DA_RT_C2
999.9,1e-10,22,15,1,240.0,HYB_DA_RT_C2
1000,0.1000000001,22,15,2,240.0,HYB_DA_RT_C2
999.9,1e-10,23,15,1,240.0,HYB_DA_RT_C2
1000,0.1000000001,23,15,2,240.0,HYB_DA_RT_C2
999.9,1e-10,0,16,1,240.0,HYB_DA_RT_C2
1000,0.1000000001,0,16,2,240.0,HYB_DA_RT_C2
999.9,1e-10,1,16,1,240.0,HYB_DA_RT_C2
1000,0.1000000001,1,16,2,240.0,HYB_DA_RT_C2
999.9,1e-10,2,16,1,240.0,HYB_DA_RT_C2
1000,0.1000000001,2,16,2,240.0,HYB_DA_RT_C2
999.9,1e-10,3,16,1,240.0,HYB_DA_RT_C2
1000,0.1000000001,3,16,2,240.0,HYB_DA_RT_C2
999.9,1e-10,4,16,1,240.0,HYB_DA_RT_C2
1000,0.1000000001,4,16,2,240.0,HYB_DA_RT_C2
999.9,1e-10,5,16,1,240.0,HYB_DA_RT_C2
1000,0.1000000001,5,16,2,240.0,HYB_DA_RT_C2
999.9,1e-10,6,16,1,240.0,HYB_DA_RT_C2
1000,0.1000000001,6,16,2,240.0,HYB_DA_RT_C2
999.9,1e-10,7,16,1,240.0,HYB_DA_RT_C2
1000,0.1000000001,7,16,2,240.0,HYB_DA_RT_C2
999.9,1e-10,8,16,1,240.0,HYB_DA_RT_C2
1000,0.1000000001,8,16,2,240.0,HYB_DA_RT_C2
999.9,1e-10,9,16,1,240.0,HYB_DA_RT_C2
1000,0.1000000001,9,16,2,240.0,HYB_DA_RT_C2
999.9,1e-10,10,16,1,240.0,HYB_DA_RT_C2
1000,0.1000000001,10,16,2,240.0,HYB_DA_RT_C2
999.9,1e-10,11,16,1,240.0,HYB_DA_RT_C2
1000,0.1000000001,11,16,2,240.0,HYB_DA_RT_C2
999.9,1e-10,12,16,1,240.0,HYB_DA_RT_C2
1000,0.1000000001,12,16,2,240.0,HYB_DA_RT_C2
999.9,1e-10,13,16,1,240.0,HYB_DA_RT_C2
1000,0.1000000001,13,16,2,240.0,HYB_DA_RT_C2
999.9,1e-10,14,16,1,240.0,HYB_DA_RT_C2
1000,0.1000000001,14,16,2,240.0,HYB_DA_RT_C2
999.9,1e-10,15,16,1,240.0,HYB_DA_RT_C2
1000,0.1000000001,15,16,2,240.0,HYB_DA_RT_C2
0.3712302653217674,-60.0,16.0,16,-1,240.0,HYB_DA_RT_C2
999.9,1e-10,16,16,1,240.0,HYB_DA_RT_C2
1000.0,1e-10,16.0,16,2,240.0,HYB_DA_RT_C2
0.4567148459640944,-47.463685,17.0,16,-1,240.0,HYB_DA_RT_C2
999.9,1e-10,17,16,1,240.0,HYB_DA_RT_C2
1000.0,1e-10,17.0,16,2,240.0,HYB_DA_RT_C2
999.9,1e-10,18,16,1,240.0,HYB_DA_RT_C2
1000,0.1000000001,18,16,2,240.0,HYB_DA_RT_C2
999.9,1e-10,19,16,1,240.0,HYB_DA_RT_C2
1000,0.1000000001,19,16,2,240.0,HYB_DA_RT_C2
0.9864739891268772,-47.549356708333335,20.0,16,-1,240.0,HYB_DA_RT_C2
999.9,1e-10,20,16,1,240.0,HYB_DA_RT_C2
1000.0,1e-10,20.0,16,2,240.0,HYB_DA_RT_C2
999.9,1e-10,21,16,1,240.0,HYB_DA_RT_C2
1000,0.1000000001,21,16,2,240.0,HYB_DA_RT_C2
999.9,1e-10,22,16,1,240.0,HYB_DA_RT_C2
1000,0.1000000001,22,16,2,240.0,HYB_DA_RT_C2
999.9,1e-10,23,16,1,240.0,HYB_DA_RT_C2
1000,0.1000000001,23,16,2,240.0,HYB_DA_RT_C2
999.9,1e-10,0,17,1,240.0,HYB_DA_RT_C2
1000,0.1000000001,0,17,2,240.0,HYB_DA_RT_C2
999.9,1e-10,1,17,1,240.0,HYB_DA_RT_C2
1000,0.1000000001,1,17,2,240.0,HYB_DA_RT_C2
999.9,1e-10,2,17,1,240.0,HYB_DA_RT_C2
1000,0.1000000001,2,17,2,240.0,HYB_DA_RT_C2
999.9,1e-10,3,17,1,240.0,HYB_DA_RT_C2
1000,0.1000000001,3,17,2,240.0,HYB_DA_RT_C2
999.9,1e-10,4,17,1,240.0,HYB_DA_RT_C2
1000,0.1000000001,4,17,2,240.0,HYB_DA_RT_C2
999.9,1e-10,5,17,1,240.0,HYB_DA_RT_C2
1000,0.1000000001,5,17,2,240.0,HYB_DA_RT_C2
999.9,1e-10,6,17,1,240.0,HYB_DA_RT_C2
1000,0.1000000001,6,17,2,240.0,HYB_DA_RT_C2
999.9,1e-10,7,17,1,240.0,HYB_DA_RT_C2
1000,0.1000000001,7,17,2,240.0,HYB_DA_RT_C2
999.9,1e-10,8,17,1,240.0,HYB_DA_RT_C2
1000,0.1000000001,8,17,2,240.0,HYB_DA_RT_C2
999.9,1e-10,9,17,1,240.0,HYB_DA_RT_C2
1000,0.1000000001,9,17,2,240.0,HYB_DA_RT_C2
999.9,1e-10,10,17,1,240.0,HYB_DA_RT_C2
1000,0.1000000001,10,17,2,240.0,HYB_DA_RT_C2
999.9,1e-10,11,17,1,240.0,HYB_DA_RT_C2
1000,0.1000000001,11,17,2,240.0,HYB_DA_RT_C2
999.9,1e-10,12,17,1,240.0,HYB_DA_RT_C2
1000,0.1000000001,12,17,2,240.0,HYB_DA_RT_C2
999.9,1e-10,13,17,1,240.0,HYB_DA_RT_C2
1000,0.1000000001,13,17,2,240.0,HYB_DA_RT_C2
999.9,1e-10,14,17,1,240.0,HYB_DA_RT_C2
1000,0.1000000001,14,17,2,240.0,HYB_DA_RT_C2
999.9,1e-10,15,17,1,240.0,HYB_DA_RT_C2
1000,0.1000000001,15,17,2,240.0,HYB_DA_RT_C2
0.3712302653217674,-60.0,16.0,17,-1,240.0,HYB_DA_RT_C2
999.9,1e-10,16,17,1,240.0,HYB_DA_RT_C2
1000.0,1e-10,16.0,17,2,240.0,HYB_DA_RT_C2
0.4567148459640944,-47.463685,17.0,17,-1,240.0,HYB_DA_RT_C2
999.9,1e-10,17,17,1,240.0,HYB_DA_RT_C2
1000.0,1e-10,17.0,17,2,240.0,HYB_DA_RT_C2
999.9,1e-10,18,17,1,240.0,HYB_DA_RT_C2
1000,0.1000000001,18,17,2,240.0,HYB_DA_RT_C2
999.9,1e-10,19,17,1,240.0,HYB_DA_RT_C2
1000,0.1000000001,19,17,2,240.0,HYB_DA_RT_C2
0.9864739891268772,-47.549356708333335,20.0,17,-1,240.0,HYB_DA_RT_C2
999.9,1e-10,20,17,1,240.0,HYB_DA_RT_C2
1000.0,1e-10,20.0,17,2,240.0,HYB_DA_RT_C2
999.9,1e-10,21,17,1,240.0,HYB_DA_RT_C2
1000,0.1000000001,21,17,2,240.0,HYB_DA_RT_C2
999.9,1e-10,22,17,1,240.0,HYB_DA_RT_C2
1000,0.1000000001,22,17,2,240.0,HYB_DA_RT_C2
999.9,1e-10,23,17,1,240.0,HYB_DA_RT_C2
1000,0.1000000001,23,17,2,240.0,HYB_DA_RT_C2
999.9,1e-10,0,18,1,240.0,HYB_DA_RT_C2
1000,0.1000000001,0,18,2,240.0,HYB_DA_RT_C2
999.9,1e-10,1,18,1,240.0,HYB_DA_RT_C2
1000,0.1000000001,1,18,2,240.0,HYB_DA_RT_C2
999.9,1e-10,2,18,1,240.0,HYB_DA_RT_C2
1000,0.1000000001,2,18,2,240.0,HYB_DA_RT_C2
999.9,1e-10,3,18,1,240.0,HYB_DA_RT_C2
1000,0.1000000001,3,18,2,240.0,HYB_DA_RT_C2
999.9,1e-10,4,18,1,240.0,HYB_DA_RT_C2
1000,0.1000000001,4,18,2,240.0,HYB_DA_RT_C2
999.9,1e-10,5,18,1,240.0,HYB_DA_RT_C2
1000,0.1000000001,5,18,2,240.0,HYB_DA_RT_C2
999.9,1e-10,6,18,1,240.0,HYB_DA_RT_C2
1000,0.1000000001,6,18,2,240.0,HYB_DA_RT_C2
999.9,1e-10,7,18,1,240.0,HYB_DA_RT_C2
1000,0.1000000001,7,18,2,240.0,HYB_DA_RT_C2
999.9,1e-10,8,18,1,240.0,HYB_DA_RT_C2
1000,0.1000000001,8,18,2,240.0,HYB_DA_RT_C2
999.9,1e-10,9,18,1,240.0,HYB_DA_RT_C2
1000,0.1000000001,9,18,2,240.0,HYB_DA_RT_C2
999.9,1e-10,10,18,1,240.0,HYB_DA_RT_C2
1000,0.1000000001,10,18,2,240.0,HYB_DA_RT_C2
999.9,1e-10,11,18,1,240.0,HYB_DA_RT_C2
1000,0.1000000001,11,18,2,240.0,HYB_DA_RT_C2
999.9,1e-10,12,18,1,240.0,HYB_DA_RT_C2
1000,0.1000000001,12,18,2,240.0,HYB_DA_RT_C2
999.9,1e-10,13,18,1,240.0,HYB_DA_RT_C2
1000,0.1000000001,13,18,2,240.0,HYB_DA_RT_C2
999.9,1e-10,14,18,1,240.0,HYB_DA_RT_C2
1000,0.1000000001,14,18,2,240.0,HYB_DA_RT_C2
999.9,1e-10,15,18,1,240.0,HYB_DA_RT_C2
1000,0.1000000001,15,18,2,240.0,HYB_DA_RT_C2
0.3712302653217674,-60.0,16.0,18,-1,240.0,HYB_DA_RT_C2
999.9,1e-10,16,18,1,240.0,HYB_DA_RT_C2
1000.0,1e-10,16.0,18,2,240.0,HYB_DA_RT_C2
0.4567148459640944,-47.463685,17.0,18,-1,240.0,HYB_DA_RT_C2
999.9,1e-10,17,18,1,240.0,HYB_DA_RT_C2
1000.0,1e-10,17.0,18,2,240.0,HYB_DA_RT_C2
999.9,1e-10,18,18,1,240.0,HYB_DA_RT_C2
1000,0.1000000001,18,18,2,240.0,HYB_DA_RT_C2
999.9,1e-10,19,18,1,240.0,HYB_DA_RT_C2
1000,0.1000000001,19,18,2,240.0,HYB_DA_RT_C2
0.9864739891268772,-47.549356708333335,20.0,18,-1,240.0,HYB_DA_RT_C2
999.9,1e-10,20,18,1,240.0,HYB_DA_RT_C2
1000.0,1e-10,20.0,18,2,240.0,HYB_DA_RT_C2
999.9,1e-10,21,18,1,240.0,HYB_DA_RT_C2
1000,0.1000000001,21,18,2,240.0,HYB_DA_RT_C2
999.9,1e-10,22,18,1,240.0,HYB_DA_RT_C2
1000,0.1000000001,22,18,2,240.0,HYB_DA_RT_C2
999.9,1e-10,23,18,1,240.0,HYB_DA_RT_C2
1000,0.1000000001,23,18,2,240.0,HYB_DA_RT_C2
999.9,1e-10,0,19,1,240.0,HYB_DA_RT_C2
1000,0.1000000001,0,19,2,240.0,HYB_DA_RT_C2
999.9,1e-10,1,19,1,240.0,HYB_DA_RT_C2
1000,0.1000000001,1,19,2,240.0,HYB_DA_RT_C2
999.9,1e-10,2,19,1,240.0,HYB_DA_RT_C2
1000,0.1000000001,2,19,2,240.0,HYB_DA_RT_C2
999.9,1e-10,3,19,1,240.0,HYB_DA_RT_C2
1000,0.1000000001,3,19,2,240.0,HYB_DA_RT_C2
999.9,1e-10,4,19,1,240.0,HYB_DA_RT_C2
1000,0.1000000001,4,19,2,240.0,HYB_DA_RT_C2
999.9,1e-10,5,19,1,240.0,HYB_DA_RT_C2
1000,0.1000000001,5,19,2,240.0,HYB_DA_RT_C2
999.9,1e-10,6,19,1,240.0,HYB_DA_RT_C2
1000,0.1000000001,6,19,2,240.0,HYB_DA_RT_C2
999.9,1e-10,7,19,1,240.0,HYB_DA_RT_C2
1000,0.1000000001,7,19,2,240.0,HYB_DA_RT_C2
999.9,1e-10,8,19,1,240.0,HYB_DA_RT_C2
1000,0.1000000001,8,19,2,240.0,HYB_DA_RT_C2
999.9,1e-10,9,19,1,240.0,HYB_DA_RT_C2
1000,0.1000000001,9,19,2,240.0,HYB_DA_RT_C2
999.9,1e-10,10,19,1,240.0,HYB_DA_RT_C2
1000,0.1000000001,10,19,2,240.0,HYB_DA_RT_C2
999.9,1e-10,11,19,1,240.0,HYB_DA_RT_C2
1000,0.1000000001,11,19,2,240.0,HYB_DA_RT_C2
999.9,1e-10,12,19,1,240.0,HYB_DA_RT_C2
1000,0.1000000001,12,19,2,240.0,HYB_DA_RT_C2
999.9,1e-10,13,19,1,240.0,HYB_DA_RT_C2
1000,0.1000000001,13,19,2,240.0,HYB_DA_RT_C2
999.9,1e-10,14,19,1,240.0,HYB_DA_RT_C2
1000,0.1000000001,14,19,2,240.0,HYB_DA_RT_C2
999.9,1e-10,15,19,1,240.0,HYB_DA_RT_C2
1000,0.1000000001,15,19,2,240.0,HYB_DA_RT_C2
0.3712302653217674,-60.0,16.0,19,-1,240.0,HYB_DA_RT_C2
999.9,1e-10,16,19,1,240.0,HYB_DA_RT_C2
1000.0,1e-10,16.0,19,2,240.0,HYB_DA_RT_C2
0.4567148459640944,-47.463685,17.0,19,-1,240.0,HYB_DA_RT_C2
999.9,1e-10,17,19,1,240.0,HYB_DA_RT_C2
1000.0,1e-10,17.0,19,2,240.0,HYB_DA_RT_C2
999.9,1e-10,18,19,1,240.0,HYB_DA_RT_C2
1000,0.1000000001,18,19,2,240.0,HYB_DA_RT_C2
999.9,1e-10,19,19,1,240.0,HYB_DA_RT_C2
1000,0.1000000001,19,19,2,240.0,HYB_DA_RT_C2
0.9864739891268772,-47.549356708333335,20.0,19,-1,240.0,HYB_DA_RT_C2
999.9,1e-10,20,19,1,240.0,HYB_DA_RT_C2
1000.0,1e-10,20.0,19,2,240.0,HYB_DA_RT_C2
999.9,1e-10,21,19,1,240.0,HYB_DA_RT_C2
1000,0.1000000001,21,19,2,240.0,HYB_DA_RT_C2
999.9,1e-10,22,19,1,240.0,HYB_DA_RT_C2
1000,0.1000000001,22,19,2,240.0,HYB_DA_RT_C2
999.9,1e-10,23,19,1,240.0,HYB_DA_RT_C2
1000,0.1000000001,23,19,2,240.0,HYB_DA_RT_C2
999.9,1e-10,0,20,1,240.0,HYB_DA_RT_C2
1000,0.1000000001,0,20,2,240.0,HYB_DA_RT_C2
999.9,1e-10,1,20,1,240.0,HYB_DA_RT_C2
1000,0.1000000001,1,20,2,240.0,HYB_DA_RT_C2
999.9,1e-10,2,20,1,240.0,HYB_DA_RT_C2
1000,0.1000000001,2,20,2,240.0,HYB_DA_RT_C2
999.9,1e-10,3,20,1,240.0,HYB_DA_RT_C2
1000,0.1000000001,3,20,2,240.0,HYB_DA_RT_C2
999.9,1e-10,4,20,1,240.0,HYB_DA_RT_C2
1000,0.1000000001,4,20,2,240.0,HYB_DA_RT_C2
999.9,1e-10,5,20,1,240.0,HYB_DA_RT_C2
1000,0.1000000001,5,20,2,240.0,HYB_DA_RT_C2
999.9,1e-10,6,20,1,240.0,HYB_DA_RT_C2
1000,0.1000000001,6,20,2,240.0,HYB_DA_RT_C2
999.9,1e-10,7,20,1,240.0,HYB_DA_RT_C2
1000,0.1000000001,7,20,2,240.0,HYB_DA_RT_C2
999.9,1e-10,8,20,1,240.0,HYB_DA_RT_C2
1000,0.1000000001,8,20,2,240.0,HYB_DA_RT_C2
999.9,1e-10,9,20,1,240.0,HYB_DA_RT_C2
1000,0.1000000001,9,20,2,240.0,HYB_DA_RT_C2
999.9,1e-10,10,20,1,240.0,HYB_DA_RT_C2
1000,0.1000000001,10,20,2,240.0,HYB_DA_RT_C2
999.9,1e-10,11,20,1,240.0,HYB_DA_RT_C2
1000,0.1000000001,11,20,2,240.0,HYB_DA_RT_C2
999.9,1e-10,12,20,1,240.0,HYB_DA_RT_C2
1000,0.1000000001,12,20,2,240.0,HYB_DA_RT_C2
999.9,1e-10,13,20,1,240.0,HYB_DA_RT_C2
1000,0.1000000001,13,20,2,240.0,HYB_DA_RT_C2
999.9,1e-10,14,20,1,240.0,HYB_DA_RT_C2
1000,0.1000000001,14,20,2,240.0,HYB_DA_RT_C2
999.9,1e-10,15,20,1,240.0,HYB_DA_RT_C2
1000,0.1000000001,15,20,2,240.0,HYB_DA_RT_C2
0.3712302653217674,-60.0,16.0,20,-1,240.0,HYB_DA_RT_C2
999.9,1e-10,16,20,1,240.0,HYB_DA_RT_C2
1000.0,1e-10,16.0,20,2,240.0,HYB_DA_RT_C2
0.4567148459640944,-47.463685,17.0,20,-1,240.0,HYB_DA_RT_C2
999.9,1e-10,17,20,1,240.0,HYB_DA_RT_C2
1000.0,1e-10,17.0,20,2,240.0,HYB_DA_RT_C2
999.9,1e-10,18,20,1,240.0,HYB_DA_RT_C2
1000,0.1000000001,18,20,2,240.0,HYB_DA_RT_C2
999.9,1e-10,19,20,1,240.0,HYB_DA_RT_C2
1000,0.1000000001,19,20,2,240.0,HYB_DA_RT_C2
0.9864739891268772,-47.549356708333335,20.0,20,-1,240.0,HYB_DA_RT_C2
999.9,1e-10,20,20,1,240.0,HYB_DA_RT_C2
1000.0,1e-10,20.0,20,2,240.0,HYB_DA_RT_C2
999.9,1e-10,21,20,1,240.0,HYB_DA_RT_C2
1000,0.1000000001,21,20,2,240.0,HYB_DA_RT_C2
999.9,1e-10,22,20,1,240.0,HYB_DA_RT_C2
1000,0.1000000001,22,20,2,240.0,HYB_DA_RT_C2
999.9,1e-10,23,20,1,240.0,HYB_DA_RT_C2
1000,0.1000000001,23,20,2,240.0,HYB_DA_RT_C2
999.9,1e-10,0,21,1,240.0,HYB_DA_RT_C2
1000,0.1000000001,0,21,2,240.0,HYB_DA_RT_C2
999.9,1e-10,1,21,1,240.0,HYB_DA_RT_C2
1000,0.1000000001,1,21,2,240.0,HYB_DA_RT_C2
999.9,1e-10,2,21,1,240.0,HYB_DA_RT_C2
1000,0.1000000001,2,21,2,240.0,HYB_DA_RT_C2
999.9,1e-10,3,21,1,240.0,HYB_DA_RT_C2
1000,0.1000000001,3,21,2,240.0,HYB_DA_RT_C2
999.9,1e-10,4,21,1,240.0,HYB_DA_RT_C2
1000,0.1000000001,4,21,2,240.0,HYB_DA_RT_C2
999.9,1e-10,5,21,1,240.0,HYB_DA_RT_C2
1000,0.1000000001,5,21,2,240.0,HYB_DA_RT_C2
999.9,1e-10,6,21,1,240.0,HYB_DA_RT_C2
1000,0.1000000001,6,21,2,240.0,HYB_DA_RT_C2
999.9,1e-10,7,21,1,240.0,HYB_DA_RT_C2
1000,0.1000000001,7,21,2,240.0,HYB_DA_RT_C2
999.9,1e-10,8,21,1,240.0,HYB_DA_RT_C2
1000,0.1000000001,8,21,2,240.0,HYB_DA_RT_C2
999.9,1e-10,9,21,1,240.0,HYB_DA_RT_C2
1000,0.1000000001,9,21,2,240.0,HYB_DA_RT_C2
999.9,1e-10,10,21,1,240.0,HYB_DA_RT_C2
1000,0.1000000001,10,21,2,240.0,HYB_DA_RT_C2
999.9,1e-10,11,21,1,240.0,HYB_DA_RT_C2
1000,0.1000000001,11,21,2,240.0,HYB_DA_RT_C2
999.9,1e-10,12,21,1,240.0,HYB_DA_RT_C2
1000,0.1000000001,12,21,2,240.0,HYB_DA_RT_C2
999.9,1e-10,13,21,1,240.0,HYB_DA_RT_C2
1000,0.1000000001,13,21,2,240.0,HYB_DA_RT_C2
999.9,1e-10,14,21,1,240.0,HYB_DA_RT_C2
1000,0.1000000001,14,21,2,240.0,HYB_DA_RT_C2
999.9,1e-10,15,21,1,240.0,HYB_DA_RT_C2
1000,0.1000000001,15,21,2,240.0,HYB_DA_RT_C2
0.3712302653217674,-60.0,16.0,21,-1,240.0,HYB_DA_RT_C2
999.9,1e-10,16,21,1,240.0,HYB_DA_RT_C2
1000.0,1e-10,16.0,21,2,240.0,HYB_DA_RT_C2
0.4567148459640944,-47.463685,17.0,21,-1,240.0,HYB_DA_RT_C2
999.9,1e-10,17,21,1,240.0,HYB_DA_RT_C2
1000.0,1e-10,17.0,21,2,240.0,HYB_DA_RT_C2
999.9,1e-10,18,21,1,240.0,HYB_DA_RT_C2
1000,0.1000000001,18,21,2,240.0,HYB_DA_RT_C2
999.9,1e-10,19,21,1,240.0,HYB_DA_RT_C2
1000,0.1000000001,19,21,2,240.0,HYB_DA_RT_C2
0.9864739891268772,-47.549356708333335,20.0,21,-1,240.0,HYB_DA_RT_C2
999.9,1e-10,20,21,1,240.0,HYB_DA_RT_C2
1000.0,1e-10,20.0,21,2,240.0,HYB_DA_RT_C2
999.9,1e-10,21,21,1,240.0,HYB_DA_RT_C2
1000,0.1000000001,21,21,2,240.0,HYB_DA_RT_C2
999.9,1e-10,22,21,1,240.0,HYB_DA_RT_C2
1000,0.1000000001,22,21,2,240.0,HYB_DA_RT_C2
999.9,1e-10,23,21,1,240.0,HYB_DA_RT_C2
1000,0.1000000001,23,21,2,240.0,HYB_DA_RT_C2
999.9,1e-10,0,22,1,240.0,HYB_DA_RT_C2
1000,0.1000000001,0,22,2,240.0,HYB_DA_RT_C2
999.9,1e-10,1,22,1,240.0,HYB_DA_RT_C2
1000,0.1000000001,1,22,2,240.0,HYB_DA_RT_C2
999.9,1e-10,2,22,1,240.0,HYB_DA_RT_C2
1000,0.1000000001,2,22,2,240.0,HYB_DA_RT_C2
999.9,1e-10,3,22,1,240.0,HYB_DA_RT_C2
1000,0.1000000001,3,22,2,240.0,HYB_DA_RT_C2
999.9,1e-10,4,22,1,240.0,HYB_DA_RT_C2
1000,0.1000000001,4,22,2,240.0,HYB_DA_RT_C2
999.9,1e-10,5,22,1,240.0,HYB_DA_RT_C2
1000,0.1000000001,5,22,2,240.0,HYB_DA_RT_C2
999.9,1e-10,6,22,1,240.0,HYB_DA_RT_C2
1000,0.1000000001,6,22,2,240.0,HYB_DA_RT_C2
999.9,1e-10,7,22,1,240.0,HYB_DA_RT_C2
1000,0.1000000001,7,22,2,240.0,HYB_DA_RT_C2
999.9,1e-10,8,22,1,240.0,HYB_DA_RT_C2
1000,0.1000000001,8,22,2,240.0,HYB_DA_RT_C2
999.9,1e-10,9,22,1,240.0,HYB_DA_RT_C2
1000,0.1000000001,9,22,2,240.0,HYB_DA_RT_C2
999.9,1e-10,10,22,1,240.0,HYB_DA_RT_C2
1000,0.1000000001,10,22,2,240.0,HYB_DA_RT_C2
999.9,1e-10,11,22,1,240.0,HYB_DA_RT_C2
1000,0.1000000001,11,22,2,240.0,HYB_DA_RT_C2
999.9,1e-10,12,22,1,240.0,HYB_DA_RT_C2
1000,0.1000000001,12,22,2,240.0,HYB_DA_RT_C2
999.9,1e-10,13,22,1,240.0,HYB_DA_RT_C2
1000,0.1000000001,13,22,2,240.0,HYB_DA_RT_C2
999.9,1e-10,14,22,1,240.0,HYB_DA_RT_C2
1000,0.1000000001,14,22,2,240.0,HYB_DA_RT_C2
999.9,1e-10,15,22,1,240.0,HYB_DA_RT_C2
1000,0.1000000001,15,22,2,240.0,HYB_DA_RT_C2
0.3712302653217674,-60.0,16.0,22,-1,240.0,HYB_DA_RT_C2
999.9,1e-10,16,22,1,240.0,HYB_DA_RT_C2
1000.0,1e-10,16.0,22,2,240.0,HYB_DA_RT_C2
0.4567148459640944,-47.463685,17.0,22,-1,240.0,HYB_DA_RT_C2
999.9,1e-10,17,22,1,240.0,HYB_DA_RT_C2
1000.0,1e-10,17.0,22,2,240.0,HYB_DA_RT_C2
999.9,1e-10,18,22,1,240.0,HYB_DA_RT_C2
1000,0.1000000001,18,22,2,240.0,HYB_DA_RT_C2
999.9,1e-10,19,22,1,240.0,HYB_DA_RT_C2
1000,0.1000000001,19,22,2,240.0,HYB_DA_RT_C2
0.9864739891268772,-47.549356708333335,20.0,22,-1,240.0,HYB_DA_RT_C2
999.9,1e-10,20,22,1,240.0,HYB_DA_RT_C2
1000.0,1e-10,20.0,22,2,240.0,HYB_DA_RT_C2
999.9,1e-10,21,22,1,240.0,HYB_DA_RT_C2
1000,0.1000000001,21,22,2,240.0,HYB_DA_RT_C2
999.9,1e-10,22,22,1,240.0,HYB_DA_RT_C2
1000,0.1000000001,22,22,2,240.0,HYB_DA_RT_C2
999.9,1e-10,23,22,1,240.0,HYB_DA_RT_C2
1000,0.1000000001,23,22,2,240.0,HYB_DA_RT_C2
999.9,1e-10,0,23,1,240.0,HYB_DA_RT_C2
1000,0.1000000001,0,23,2,240.0,HYB_DA_RT_C2
999.9,1e-10,1,23,1,240.0,HYB_DA_RT_C2
1000,0.1000000001,1,23,2,240.0,HYB_DA_RT_C2
999.9,1e-10,2,23,1,240.0,HYB_DA_RT_C2
1000,0.1000000001,2,23,2,240.0,HYB_DA_RT_C2
999.9,1e-10,3,23,1,240.0,HYB_DA_RT_C2
1000,0.1000000001,3,23,2,240.0,HYB_DA_RT_C2
999.9,1e-10,4,23,1,240.0,HYB_DA_RT_C2
1000,0.1000000001,4,23,2,240.0,HYB_DA_RT_C2
999.9,1e-10,5,23,1,240.0,HYB_DA_RT_C2
1000,0.1000000001,5,23,2,240.0,HYB_DA_RT_C2
999.9,1e-10,6,23,1,240.0,HYB_DA_RT_C2
1000,0.1000000001,6,23,2,240.0,HYB_DA_RT_C2
999.9,1e-10,7,23,1,240.0,HYB_DA_RT_C2
1000,0.1000000001,7,23,2,240.0,HYB_DA_RT_C2
999.9,1e-10,8,23,1,240.0,HYB_DA_RT_C2
1000,0.1000000001,8,23,2,240.0,HYB_DA_RT_C2
999.9,1e-10,9,23,1,240.0,HYB_DA_RT_C2
1000,0.1000000001,9,23,2,240.0,HYB_DA_RT_C2
999.9,1e-10,10,23,1,240.0,HYB_DA_RT_C2
1000,0.1000000001,10,23,2,240.0,HYB_DA_RT_C2
999.9,1e-10,11,23,1,240.0,HYB_DA_RT_C2
1000,0.1000000001,11,23,2,240.0,HYB_DA_RT_C2
999.9,1e-10,12,23,1,240.0,HYB_DA_RT_C2
1000,0.1000000001,12,23,2,240.0,HYB_DA_RT_C2
999.9,1e-10,13,23,1,240.0,HYB_DA_RT_C2
1000,0.1000000001,13,23,2,240.0,HYB_DA_RT_C2
999.9,1e-10,14,23,1,240.0,HYB_DA_RT_C2
1000,0.1000000001,14,23,2,240.0,HYB_DA_RT_C2
999.9,1e-10,15,23,1,240.0,HYB_DA_RT_C2
1000,0.1000000001,15,23,2,240.0,HYB_DA_RT_C2
0.3712302653217674,-60.0,16.0,23,-1,240.0,HYB_DA_RT_C2
999.9,1e-10,16,23,1,240.0,HYB_DA_RT_C2
1000.0,1e-10,16.0,23,2,240.0,HYB_DA_RT_C2
0.4567148459640944,-47.463685,17.0,23,-1,240.0,HYB_DA_RT_C2
999.9,1e-10,17,23,1,240.0,HYB_DA_RT_C2
1000.0,1e-10,17.0,23,2,240.0,HYB_DA_RT_C2
999.9,1e-10,18,23,1,240.0,HYB_DA_RT_C2
1000,0.1000000001,18,23,2,240.0,HYB_DA_RT_C2
999.9,1e-10,19,23,1,240.0,HYB_DA_RT_C2
1000,0.1000000001,19,23,2,240.0,HYB_DA_RT_C2
0.9864739891268772,-47.549356708333335,20.0,23,-1,240.0,HYB_DA_RT_C2
999.9,1e-10,20,23,1,240.0,HYB_DA_RT_C2
1000.0,1e-10,20.0,23,2,240.0,HYB_DA_RT_C2
999.9,1e-10,21,23,1,240.0,HYB_DA_RT_C2
1000,0.1000000001,21,23,2,240.0,HYB_DA_RT_C2
999.9,1e-10,22,23,1,240.0,HYB_DA_RT_C2
1000,0.1000000001,22,23,2,240.0,HYB_DA_RT_C2
999.9,1e-10,23,23,1,240.0,HYB_DA_RT_C2
1000,0.1000000001,23,23,2,240.0,HYB_DA_RT_C2
999.9,1e-10,0,24,1,240.0,HYB_DA_RT_C2
1000,0.1000000001,0,24,2,240.0,HYB_DA_RT_C2
999.9,1e-10,1,24,1,240.0,HYB_DA_RT_C2
1000,0.1000000001,1,24,2,240.0,HYB_DA_RT_C2
999.9,1e-10,2,24,1,240.0,HYB_DA_RT_C2
1000,0.1000000001,2,24,2,240.0,HYB_DA_RT_C2
999.9,1e-10,3,24,1,240.0,HYB_DA_RT_C2
1000,0.1000000001,3,24,2,240.0,HYB_DA_RT_C2
999.9,1e-10,4,24,1,240.0,HYB_DA_RT_C2
1000,0.1000000001,4,24,2,240.0,HYB_DA_RT_C2
999.9,1e-10,5,24,1,240.0,HYB_DA_RT_C2
1000,0.1000000001,5,24,2,240.0,HYB_DA_RT_C2
999.9,1e-10,6,24,1,240.0,HYB_DA_RT_C2
1000,0.1000000001,6,24,2,240.0,HYB_DA_RT_C2
999.9,1e-10,7,24,1,240.0,HYB_DA_RT_C2
1000,0.1000000001,7,24,2,240.0,HYB_DA_RT_C2
999.9,1e-10,8,24,1,240.0,HYB_DA_RT_C2
1000,0.1000000001,8,24,2,240.0,HYB_DA_RT_C2
999.9,1e-10,9,24,1,240.0,HYB_DA_RT_C2
1000,0.1000000001,9,24,2,240.0,HYB_DA_RT_C2
999.9,1e-10,10,24,1,240.0,HYB_DA_RT_C2
1000,0.1000000001,10,24,2,240.0,HYB_DA_RT_C2
999.9,1e-10,11,24,1,240.0,HYB_DA_RT_C2
1000,0.1000000001,11,24,2,240.0,HYB_DA_RT_C2
999.9,1e-10,12,24,1,240.0,HYB_DA_RT_C2
1000,0.1000000001,12,24,2,240.0,HYB_DA_RT_C2
999.9,1e-10,13,24,1,240.0,HYB_DA_RT_C2
1000,0.1000000001,13,24,2,240.0,HYB_DA_RT_C2
999.9,1e-10,14,24,1,240.0,HYB_DA_RT_C2
1000,0.1000000001,14,24,2,240.0,HYB_DA_RT_C2
999.9,1e-10,15,24,1,240.0,HYB_DA_RT_C2
1000,0.1000000001,15,24,2,240.0,HYB_DA_RT_C2
0.3712302653217674,-60.0,16.0,24,-1,240.0,HYB_DA_RT_C2
999.9,1e-10,16,24,1,240.0,HYB_DA_RT_C2
1000.0,1e-10,16.0,24,2,240.0,HYB_DA_RT_C2
0.4567148459640944,-47.463685,17.0,24,-1,240.0,HYB_DA_RT_C2
999.9,1e-10,17,24,1,240.0,HYB_DA_RT_C2
1000.0,1e-10,17.0,24,2,240.0,HYB_DA_RT_C2
999.9,1e-10,18,24,1,240.0,HYB_DA_RT_C2
1000,0.1000000001,18,24,2,240.0,HYB_DA_RT_C2
999.9,1e-10,19,24,1,240.0,HYB_DA_RT_C2
1000,0.1000000001,19,24,2,240.0,HYB_DA_RT_C2
0.9864739891268772,-47.549356708333335,20.0,24,-1,240.0,HYB_DA_RT_C2
999.9,1e-10,20,24,1,240.0,HYB_DA_RT_C2
1000.0,1e-10,20.0,24,2,240.0,HYB_DA_RT_C2
999.9,1e-10,21,24,1,240.0,HYB_DA_RT_C2
1000,0.1000000001,21,24,2,240.0,HYB_DA_RT_C2
999.9,1e-10,22,24,1,240.0,HYB_DA_RT_C2
1000,0.1000000001,22,24,2,240.0,HYB_DA_RT_C2
999.9,1e-10,23,24,1,240.0,HYB_DA_RT_C2
1000,0.1000000001,23,24,2,240.0,HYB_DA_RT_C2
999.9,1e-10,0,25,1,240.0,HYB_DA_RT_C2
1000,0.1000000001,0,25,2,240.0,HYB_DA_RT_C2
999.9,1e-10,1,25,1,240.0,HYB_DA_RT_C2
1000,0.1000000001,1,25,2,240.0,HYB_DA_RT_C2
999.9,1e-10,2,25,1,240.0,HYB_DA_RT_C2
1000,0.1000000001,2,25,2,240.0,HYB_DA_RT_C2
999.9,1e-10,3,25,1,240.0,HYB_DA_RT_C2
1000,0.1000000001,3,25,2,240.0,HYB_DA_RT_C2
999.9,1e-10,4,25,1,240.0,HYB_DA_RT_C2
1000,0.1000000001,4,25,2,240.0,HYB_DA_RT_C2
999.9,1e-10,5,25,1,240.0,HYB_DA_RT_C2
1000,0.1000000001,5,25,2,240.0,HYB_DA_RT_C2
999.9,1e-10,6,25,1,240.0,HYB_DA_RT_C2
1000,0.1000000001,6,25,2,240.0,HYB_DA_RT_C2
999.9,1e-10,7,25,1,240.0,HYB_DA_RT_C2
1000,0.1000000001,7,25,2,240.0,HYB_DA_RT_C2
999.9,1e-10,8,25,1,240.0,HYB_DA_RT_C2
1000,0.1000000001,8,25,2,240.0,HYB_DA_RT_C2
999.9,1e-10,9,25,1,240.0,HYB_DA_RT_C2
1000,0.1000000001,9,25,2,240.0,HYB_DA_RT_C2
999.9,1e-10,10,25,1,240.0,HYB_DA_RT_C2
1000,0.1000000001,10,25,2,240.0,HYB_DA_RT_C2
999.9,1e-10,11,25,1,240.0,HYB_DA_RT_C2
1000,0.1000000001,11,25,2,240.0,HYB_DA_RT_C2
999.9,1e-10,12,25,1,240.0,HYB_DA_RT_C2
1000,0.1000000001,12,25,2,240.0,HYB_DA_RT_C2
999.9,1e-10,13,25,1,240.0,HYB_DA_RT_C2
1000,0.1000000001,13,25,2,240.0,HYB_DA_RT_C2
999.9,1e-10,14,25,1,240.0,HYB_DA_RT_C2
1000,0.1000000001,14,25,2,240.0,HYB_DA_RT_C2
999.9,1e-10,15,25,1,240.0,HYB_DA_RT_C2
1000,0.1000000001,15,25,2,240.0,HYB_DA_RT_C2
0.3712302653217674,-60.0,16.0,25,-1,240.0,HYB_DA_RT_C2
999.9,1e-10,16,25,1,240.0,HYB_DA_RT_C2
1000.0,1e-10,16.0,25,2,240.0,HYB_DA_RT_C2
0.4567148459640944,-47.463685,17.0,25,-1,240.0,HYB_DA_RT_C2
999.9,1e-10,17,25,1,240.0,HYB_DA_RT_C2
1000.0,1e-10,17.0,25,2,240.0,HYB_DA_RT_C2
999.9,1e-10,18,25,1,240.0,HYB_DA_RT_C2
1000,0.1000000001,18,25,2,240.0,HYB_DA_RT_C2
999.9,1e-10,19,25,1,240.0,HYB_DA_RT_C2
1000,0.1000000001,19,25,2,240.0,HYB_DA_RT_C2
0.9864739891268772,-47.549356708333335,20.0,25,-1,240.0,HYB_DA_RT_C2
999.9,1e-10,20,25,1,240.0,HYB_DA_RT_C2
1000.0,1e-10,20.0,25,2,240.0,HYB_DA_RT_C2
999.9,1e-10,21,25,1,240.0,HYB_DA_RT_C2
1000,0.1000000001,21,25,2,240.0,HYB_DA_RT_C2
999.9,1e-10,22,25,1,240.0,HYB_DA_RT_C2
1000,0.1000000001,22,25,2,240.0,HYB_DA_RT_C2
999.9,1e-10,23,25,1,240.0,HYB_DA_RT_C2
1000,0.1000000001,23,25,2,240.0,HYB_DA_RT_C2
999.9,1e-10,0,26,1,240.0,HYB_DA_RT_C2
1000,0.1000000001,0,26,2,240.0,HYB_DA_RT_C2
999.9,1e-10,1,26,1,240.0,HYB_DA_RT_C2
1000,0.1000000001,1,26,2,240.0,HYB_DA_RT_C2
999.9,1e-10,2,26,1,240.0,HYB_DA_RT_C2
1000,0.1000000001,2,26,2,240.0,HYB_DA_RT_C2
999.9,1e-10,3,26,1,240.0,HYB_DA_RT_C2
1000,0.1000000001,3,26,2,240.0,HYB_DA_RT_C2
999.9,1e-10,4,26,1,240.0,HYB_DA_RT_C2
1000,0.1000000001,4,26,2,240.0,HYB_DA_RT_C2
999.9,1e-10,5,26,1,240.0,HYB_DA_RT_C2
1000,0.1000000001,5,26,2,240.0,HYB_DA_RT_C2
999.9,1e-10,6,26,1,240.0,HYB_DA_RT_C2
1000,0.1000000001,6,26,2,240.0,HYB_DA_RT_C2
999.9,1e-10,7,26,1,240.0,HYB_DA_RT_C2
1000,0.1000000001,7,26,2,240.0,HYB_DA_RT_C2
999.9,1e-10,8,26,1,240.0,HYB_DA_RT_C2
1000,0.1000000001,8,26,2,240.0,HYB_DA_RT_C2
999.9,1e-10,9,26,1,240.0,HYB_DA_RT_C2
1000,0.1000000001,9,26,2,240.0,HYB_DA_RT_C2
999.9,1e-10,10,26,1,240.0,HYB_DA_RT_C2
1000,0.1000000001,10,26,2,240.0,HYB_DA_RT_C2
999.9,1e-10,11,26,1,240.0,HYB_DA_RT_C2
1000,0.1000000001,11,26,2,240.0,HYB_DA_RT_C2
999.9,1e-10,12,26,1,240.0,HYB_DA_RT_C2
1000,0.1000000001,12,26,2,240.0,HYB_DA_RT_C2
999.9,1e-10,13,26,1,240.0,HYB_DA_RT_C2
1000,0.1000000001,13,26,2,240.0,HYB_DA_RT_C2
999.9,1e-10,14,26,1,240.0,HYB_DA_RT_C2
1000,0.1000000001,14,26,2,240.0,HYB_DA_RT_C2
999.9,1e-10,15,26,1,240.0,HYB_DA_RT_C2
1000,0.1000000001,15,26,2,240.0,HYB_DA_RT_C2
0.3712302653217674,-60.0,16.0,26,-1,240.0,HYB_DA_RT_C2
999.9,1e-10,16,26,1,240.0,HYB_DA_RT_C2
1000.0,1e-10,16.0,26,2,240.0,HYB_DA_RT_C2
0.4567148459640944,-47.463685,17.0,26,-1,240.0,HYB_DA_RT_C2
999.9,1e-10,17,26,1,240.0,HYB_DA_RT_C2
1000.0,1e-10,17.0,26,2,240.0,HYB_DA_RT_C2
999.9,1e-10,18,26,1,240.0,HYB_DA_RT_C2
1000,0.1000000001,18,26,2,240.0,HYB_DA_RT_C2
999.9,1e-10,19,26,1,240.0,HYB_DA_RT_C2
1000,0.1000000001,19,26,2,240.0,HYB_DA_RT_C2
0.9864739891268772,-47.549356708333335,20.0,26,-1,240.0,HYB_DA_RT_C2
999.9,1e-10,20,26,1,240.0,HYB_DA_RT_C2
1000.0,1e-10,20.0,26,2,240.0,HYB_DA_RT_C2
999.9,1e-10,21,26,1,240.0,HYB_DA_RT_C2
1000,0.1000000001,21,26,2,240.0,HYB_DA_RT_C2
999.9,1e-10,22,26,1,240.0,HYB_DA_RT_C2
1000,0.1000000001,22,26,2,240.0,HYB_DA_RT_C2
999.9,1e-10,23,26,1,240.0,HYB_DA_RT_C2
1000,0.1000000001,23,26,2,240.0,HYB_DA_RT_C2
999.9,1e-10,0,27,1,240.0,HYB_DA_RT_C2
1000,0.1000000001,0,27,2,240.0,HYB_DA_RT_C2
999.9,1e-10,1,27,1,240.0,HYB_DA_RT_C2
1000,0.1000000001,1,27,2,240.0,HYB_DA_RT_C2
999.9,1e-10,2,27,1,240.0,HYB_DA_RT_C2
1000,0.1000000001,2,27,2,240.0,HYB_DA_RT_C2
999.9,1e-10,3,27,1,240.0,HYB_DA_RT_C2
1000,0.1000000001,3,27,2,240.0,HYB_DA_RT_C2
999.9,1e-10,4,27,1,240.0,HYB_DA_RT_C2
1000,0.1000000001,4,27,2,240.0,HYB_DA_RT_C2
999.9,1e-10,5,27,1,240.0,HYB_DA_RT_C2
1000,0.1000000001,5,27,2,240.0,HYB_DA_RT_C2
999.9,1e-10,6,27,1,240.0,HYB_DA_RT_C2
1000,0.1000000001,6,27,2,240.0,HYB_DA_RT_C2
999.9,1e-10,7,27,1,240.0,HYB_DA_RT_C2
1000,0.1000000001,7,27,2,240.0,HYB_DA_RT_C2
999.9,1e-10,8,27,1,240.0,HYB_DA_RT_C2
1000,0.1000000001,8,27,2,240.0,HYB_DA_RT_C2
999.9,1e-10,9,27,1,240.0,HYB_DA_RT_C2
1000,0.1000000001,9,27,2,240.0,HYB_DA_RT_C2
999.9,1e-10,10,27,1,240.0,HYB_DA_RT_C2
1000,0.1000000001,10,27,2,240.0,HYB_DA_RT_C2
999.9,1e-10,11,27,1,240.0,HYB_DA_RT_C2
1000,0.1000000001,11,27,2,240.0,HYB_DA_RT_C2
999.9,1e-10,12,27,1,240.0,HYB_DA_RT_C2
1000,0.1000000001,12,27,2,240.0,HYB_DA_RT_C2
999.9,1e-10,13,27,1,240.0,HYB_DA_RT_C2
1000,0.1000000001,13,27,2,240.0,HYB_DA_RT_C2
999.9,1e-10,14,27,1,240.0,HYB_DA_RT_C2
1000,0.1000000001,14,27,2,240.0,HYB_DA_RT_C2
999.9,1e-10,15,27,1,240.0,HYB_DA_RT_C2
1000,0.1000000001,15,27,2,240.0,HYB_DA_RT_C2
0.3712302653217674,-60.0,16.0,27,-1,240.0,HYB_DA_RT_C2
999.9,1e-10,16,27,1,240.0,HYB_DA_RT_C2
1000.0,1e-10,16.0,27,2,240.0,HYB_DA_RT_C2
0.4567148459640944,-47.463685,17.0,27,-1,240.0,HYB_DA_RT_C2
999.9,1e-10,17,27,1,240.0,HYB_DA_RT_C2
1000.0,1e-10,17.0,27,2,240.0,HYB_DA_RT_C2
999.9,1e-10,18,27,1,240.0,HYB_DA_RT_C2
1000,0.1000000001,18,27,2,240.0,HYB_DA_RT_C2
999.9,1e-10,19,27,1,240.0,HYB_DA_RT_C2
1000,0.1000000001,19,27,2,240.0,HYB_DA_RT_C2
0.9864739891268772,-47.549356708333335,20.0,27,-1,240.0,HYB_DA_RT_C2
999.9,1e-10,20,27,1,240.0,HYB_DA_RT_C2
1000.0,1e-10,20.0,27,2,240.0,HYB_DA_RT_C2
999.9,1e-10,21,27,1,240.0,HYB_DA_RT_C2
1000,0.1000000001,21,27,2,240.0,HYB_DA_RT_C2
999.9,1e-10,22,27,1,240.0,HYB_DA_RT_C2
1000,0.1000000001,22,27,2,240.0,HYB_DA_RT_C2
999.9,1e-10,23,27,1,240.0,HYB_DA_RT_C2
1000,0.1000000001,23,27,2,240.0,HYB_DA_RT_C2
999.9,1e-10,0,28,1,240.0,HYB_DA_RT_C2
1000,0.1000000001,0,28,2,240.0,HYB_DA_RT_C2
999.9,1e-10,1,28,1,240.0,HYB_DA_RT_C2
1000,0.1000000001,1,28,2,240.0,HYB_DA_RT_C2
999.9,1e-10,2,28,1,240.0,HYB_DA_RT_C2
1000,0.1000000001,2,28,2,240.0,HYB_DA_RT_C2
999.9,1e-10,3,28,1,240.0,HYB_DA_RT_C2
1000,0.1000000001,3,28,2,240.0,HYB_DA_RT_C2
999.9,1e-10,4,28,1,240.0,HYB_DA_RT_C2
1000,0.1000000001,4,28,2,240.0,HYB_DA_RT_C2
999.9,1e-10,5,28,1,240.0,HYB_DA_RT_C2
1000,0.1000000001,5,28,2,240.0,HYB_DA_RT_C2
999.9,1e-10,6,28,1,240.0,HYB_DA_RT_C2
1000,0.1000000001,6,28,2,240.0,HYB_DA_RT_C2
999.9,1e-10,7,28,1,240.0,HYB_DA_RT_C2
1000,0.1000000001,7,28,2,240.0,HYB_DA_RT_C2
999.9,1e-10,8,28,1,240.0,HYB_DA_RT_C2
1000,0.1000000001,8,28,2,240.0,HYB_DA_RT_C2
999.9,1e-10,9,28,1,240.0,HYB_DA_RT_C2
1000,0.1000000001,9,28,2,240.0,HYB_DA_RT_C2
999.9,1e-10,10,28,1,240.0,HYB_DA_RT_C2
1000,0.1000000001,10,28,2,240.0,HYB_DA_RT_C2
999.9,1e-10,11,28,1,240.0,HYB_DA_RT_C2
1000,0.1000000001,11,28,2,240.0,HYB_DA_RT_C2
999.9,1e-10,12,28,1,240.0,HYB_DA_RT_C2
1000,0.1000000001,12,28,2,240.0,HYB_DA_RT_C2
999.9,1e-10,13,28,1,240.0,HYB_DA_RT_C2
1000,0.1000000001,13,28,2,240.0,HYB_DA_RT_C2
999.9,1e-10,14,28,1,240.0,HYB_DA_RT_C2
1000,0.1000000001,14,28,2,240.0,HYB_DA_RT_C2
999.9,1e-10,15,28,1,240.0,HYB_DA_RT_C2
1000,0.1000000001,15,28,2,240.0,HYB_DA_RT_C2
0.3712302653217674,-60.0,16.0,28,-1,240.0,HYB_DA_RT_C2
999.9,1e-10,16,28,1,240.0,HYB_DA_RT_C2
1000.0,1e-10,16.0,28,2,240.0,HYB_DA_RT_C2
0.4567148459640944,-47.463685,17.0,28,-1,240.0,HYB_DA_RT_C2
999.9,1e-10,17,28,1,240.0,HYB_DA_RT_C2
1000.0,1e-10,17.0,28,2,240.0,HYB_DA_RT_C2
999.9,1e-10,18,28,1,240.0,HYB_DA_RT_C2
1000,0.1000000001,18,28,2,240.0,HYB_DA_RT_C2
999.9,1e-10,19,28,1,240.0,HYB_DA_RT_C2
1000,0.1000000001,19,28,2,240.0,HYB_DA_RT_C2
0.9864739891268772,-47.549356708333335,20.0,28,-1,240.0,HYB_DA_RT_C2
999.9,1e-10,20,28,1,240.0,HYB_DA_RT_C2
1000.0,1e-10,20.0,28,2,240.0,HYB_DA_RT_C2
999.9,1e-10,21,28,1,240.0,HYB_DA_RT_C2
1000,0.1000000001,21,28,2,240.0,HYB_DA_RT_C2
999.9,1e-10,22,28,1,240.0,HYB_DA_RT_C2
1000,0.1000000001,22,28,2,240.0,HYB_DA_RT_C2
999.9,1e-10,23,28,1,240.0,HYB_DA_RT_C2
1000,0.1000000001,23,28,2,240.0,HYB_DA_RT_C2
999.9,1e-10,0,29,1,240.0,HYB_DA_RT_C2
1000,0.1000000001,0,29,2,240.0,HYB_DA_RT_C2
999.9,1e-10,1,29,1,240.0,HYB_DA_RT_C2
1000,0.1000000001,1,29,2,240.0,HYB_DA_RT_C2
999.9,1e-10,2,29,1,240.0,HYB_DA_RT_C2
1000,0.1000000001,2,29,2,240.0,HYB_DA_RT_C2
999.9,1e-10,3,29,1,240.0,HYB_DA_RT_C2
1000,0.1000000001,3,29,2,240.0,HYB_DA_RT_C2
999.9,1e-10,4,29,1,240.0,HYB_DA_RT_C2
1000,0.1000000001,4,29,2,240.0,HYB_DA_RT_C2
999.9,1e-10,5,29,1,240.0,HYB_DA_RT_C2
1000,0.1000000001,5,29,2,240.0,HYB_DA_RT_C2
999.9,1e-10,6,29,1,240.0,HYB_DA_RT_C2
1000,0.1000000001,6,29,2,240.0,HYB_DA_RT_C2
999.9,1e-10,7,29,1,240.0,HYB_DA_RT_C2
1000,0.1000000001,7,29,2,240.0,HYB_DA_RT_C2
999.9,1e-10,8,29,1,240.0,HYB_DA_RT_C2
1000,0.1000000001,8,29,2,240.0,HYB_DA_RT_C2
999.9,1e-10,9,29,1,240.0,HYB_DA_RT_C2
1000,0.1000000001,9,29,2,240.0,HYB_DA_RT_C2
999.9,1e-10,10,29,1,240.0,HYB_DA_RT_C2
1000,0.1000000001,10,29,2,240.0,HYB_DA_RT_C2
999.9,1e-10,11,29,1,240.0,HYB_DA_RT_C2
1000,0.1000000001,11,29,2,240.0,HYB_DA_RT_C2
999.9,1e-10,12,29,1,240.0,HYB_DA_RT_C2
1000,0.1000000001,12,29,2,240.0,HYB_DA_RT_C2
999.9,1e-10,13,29,1,240.0,HYB_DA_RT_C2
1000,0.1000000001,13,29,2,240.0,HYB_DA_RT_C2
999.9,1e-10,14,29,1,240.0,HYB_DA_RT_C2
1000,0.1000000001,14,29,2,240.0,HYB_DA_RT_C2
999.9,1e-10,15,29,1,240.0,HYB_DA_RT_C2
1000,0.1000000001,15,29,2,240.0,HYB_DA_RT_C2
0.3712302653217674,-60.0,16.0,29,-1,240.0,HYB_DA_RT_C2
999.9,1e-10,16,29,1,240.0,HYB_DA_RT_C2
1000.0,1e-10,16.0,29,2,240.0,HYB_DA_RT_C2
0.4567148459640944,-47.463685,17.0,29,-1,240.0,HYB_DA_RT_C2
999.9,1e-10,17,29,1,240.0,HYB_DA_RT_C2
1000.0,1e-10,17.0,29,2,240.0,HYB_DA_RT_C2
999.9,1e-10,18,29,1,240.0,HYB_DA_RT_C2
1000,0.1000000001,18,29,2,240.0,HYB_DA_RT_C2
999.9,1e-10,19,29,1,240.0,HYB_DA_RT_C2
1000,0.1000000001,19,29,2,240.0,HYB_DA_RT_C2
0.9864739891268772,-47.549356708333335,20.0,29,-1,240.0,HYB_DA_RT_C2
999.9,1e-10,20,29,1,240.0,HYB_DA_RT_C2
1000.0,1e-10,20.0,29,2,240.0,HYB_DA_RT_C2
999.9,1e-10,21,29,1,240.0,HYB_DA_RT_C2
1000,0.1000000001,21,29,2,240.0,HYB_DA_RT_C2
999.9,1e-10,22,29,1,240.0,HYB_DA_RT_C2
1000,0.1000000001,22,29,2,240.0,HYB_DA_RT_C2
999.9,1e-10,23,29,1,240.0,HYB_DA_RT_C2
1000,0.1000000001,23,29,2,240.0,HYB_DA_RT_C2
999.9,1e-10,0,30,1,240.0,HYB_DA_RT_C2
1000,0.1000000001,0,30,2,240.0,HYB_DA_RT_C2
999.9,1e-10,1,30,1,240.0,HYB_DA_RT_C2
1000,0.1000000001,1,30,2,240.0,HYB_DA_RT_C2
999.9,1e-10,2,30,1,240.0,HYB_DA_RT_C2
1000,0.1000000001,2,30,2,240.0,HYB_DA_RT_C2
999.9,1e-10,3,30,1,240.0,HYB_DA_RT_C2
1000,0.1000000001,3,30,2,240.0,HYB_DA_RT_C2
999.9,1e-10,4,30,1,240.0,HYB_DA_RT_C2
1000,0.1000000001,4,30,2,240.0,HYB_DA_RT_C2
999.9,1e-10,5,30,1,240.0,HYB_DA_RT_C2
1000,0.1000000001,5,30,2,240.0,HYB_DA_RT_C2
999.9,1e-10,6,30,1,240.0,HYB_DA_RT_C2
1000,0.1000000001,6,30,2,240.0,HYB_DA_RT_C2
999.9,1e-10,7,30,1,240.0,HYB_DA_RT_C2
1000,0.1000000001,7,30,2,240.0,HYB_DA_RT_C2
999.9,1e-10,8,30,1,240.0,HYB_DA_RT_C2
1000,0.1000000001,8,30,2,240.0,HYB_DA_RT_C2
999.9,1e-10,9,30,1,240.0,HYB_DA_RT_C2
1000,0.1000000001,9,30,2,240.0,HYB_DA_RT_C2
999.9,1e-10,10,30,1,240.0,HYB_DA_RT_C2
1000,0.1000000001,10,30,2,240.0,HYB_DA_RT_C2
999.9,1e-10,11,30,1,240.0,HYB_DA_RT_C2
1000,0.1000000001,11,30,2,240.0,HYB_DA_RT_C2
999.9,1e-10,12,30,1,240.0,HYB_DA_RT_C2
1000,0.1000000001,12,30,2,240.0,HYB_DA_RT_C2
999.9,1e-10,13,30,1,240.0,HYB_DA_RT_C2
1000,0.1000000001,13,30,2,240.0,HYB_DA_RT_C2
999.9,1e-10,14,30,1,240.0,HYB_DA_RT_C2
1000,0.1000000001,14,30,2,240.0,HYB_DA_RT_C2
999.9,1e-10,15,30,1,240.0,HYB_DA_RT_C2
1000,0.1000000001,15,30,2,240.0,HYB_DA_RT_C2
0.3712302653217674,-60.0,16.0,30,-1,240.0,HYB_DA_RT_C2
999.9,1e-10,16,30,1,240.0,HYB_DA_RT_C2
1000.0,1e-10,16.0,30,2,240.0,HYB_DA_RT_C2
0.4567148459640944,-47.463685,17.0,30,-1,240.0,HYB_DA_RT_C2
999.9,1e-10,17,30,1,240.0,HYB_DA_RT_C2
1000.0,1e-10,17.0,30,2,240.0,HYB_DA_RT_C2
999.9,1e-10,18,30,1,240.0,HYB_DA_RT_C2
1000,0.1000000001,18,30,2,240.0,HYB_DA_RT_C2
999.9,1e-10,19,30,1,240.0,HYB_DA_RT_C2
1000,0.1000000001,19,30,2,240.0,HYB_DA_RT_C2
0.9864739891268772,-47.549356708333335,20.0,30,-1,240.0,HYB_DA_RT_C2
999.9,1e-10,20,30,1,240.0,HYB_DA_RT_C2
1000.0,1e-10,20.0,30,2,240.0,HYB_DA_RT_C2
999.9,1e-10,21,30,1,240.0,HYB_DA_RT_C2
1000,0.1000000001,21,30,2,240.0,HYB_DA_RT_C2
999.9,1e-10,22,30,1,240.0,HYB_DA_RT_C2
1000,0.1000000001,22,30,2,240.0,HYB_DA_RT_C2
999.9,1e-10,23,30,1,240.0,HYB_DA_RT_C2
1000,0.1000000001,23,30,2,240.0,HYB_DA_RT_C2
